decision_year,decision_date,ticker,weight,previous_weight,decision_action,factor,value_quality_score,factor_signal_at_decision,trailing_12m_return_at_decision,trailing_12m_volatility_at_decision,eligible_at_decision,fundamental_status,decision_rationale,realised_next_year_return
2013,2013-01-02,ITUB4.SA,0.1,0.0,entered,triple_factor,0.8333333333333334,,0.0302578120287762,0.2811658665884037,True,eligible_on_decision_date,Entered because it passed the point-in-time screen and the constrained allocator assigned weight.,0.05671238934188083
2013,2013-01-02,BBDC4.SA,0.1,0.0,entered,triple_factor,0.6666666666666666,,0.18001831681698577,0.23910765856728014,True,eligible_on_decision_date,Entered because it passed the point-in-time screen and the constrained allocator assigned weight.,-0.08431124296929038
2013,2013-01-02,WEGE3.SA,0.04999999999999993,0.0,entered,triple_factor,0.5,,0.5317440765091854,0.25520577436718334,True,eligible_on_decision_date,Entered because it passed the point-in-time screen and the constrained allocator assigned weight.,0.13564549252671143
2013,2013-01-02,BBAS3.SA,0.1,0.0,entered,triple_factor,1.0,,0.2113759403672777,0.3328919433313341,True,eligible_on_decision_date,Entered because it passed the point-in-time screen and the constrained allocator assigned weight.,0.045818566894868074
2013,2013-01-02,TITULO_CDI,0.65,0.0,entered,triple_factor,,,,,True,CDI residual,"Defensive residual after equity, issuer and eligibility constraints.",0.07857469049866928
2014,2014-01-02,ITUB4.SA,0.09147363929230276,0.09972015970798379,reduced,triple_factor,0.6666666666666666,,0.08520763818581223,0.2829706847514197,True,eligible_on_decision_date,Maintained because it remained eligible under the point-in-time screen and its constrained allocation remained positive.,0.24570435215461384
2014,2014-01-02,BBDC4.SA,0.05852636070769718,0.08641199820774025,reduced,triple_factor,0.5,,-0.08290881466244315,0.25827699910835733,True,eligible_on_decision_date,Maintained because it remained eligible under the point-in-time screen and its constrained allocation remained positive.,0.25948544484329883
2014,2014-01-02,WEGE3.SA,0.1,0.053584471531059344,increased,triple_factor,0.8333333333333334,,0.1620750654109282,0.23948805402724982,True,eligible_on_decision_date,Maintained because it remained eligible under the point-in-time screen and its constrained allocation remained positive.,0.3371848557778272
2014,2014-01-02,BBAS3.SA,0.1,0.09869212812133503,increased,triple_factor,1.0,,0.07928484784458179,0.27242653914996534,True,eligible_on_decision_date,Maintained because it remained eligible under the point-in-time screen and its constrained allocation remained positive.,0.05918232563371584
2014,2014-01-02,TITULO_CDI,0.65,0.6615912424318816,reduced,triple_factor,,,,,True,CDI residual,"Defensive residual after equity, issuer and eligibility constraints.",0.10540624317644642
2015,2015-01-02,ITUB4.SA,0.1,0.09944826245048513,increased,triple_factor,0.8333333333333334,,0.26164115088013706,0.3375384768184513,True,eligible_on_decision_date,Maintained because it remained eligible under the point-in-time screen and its constrained allocation remained positive.,-0.10037020901490024
2015,2015-01-02,BBDC4.SA,0.1,0.06433257463199414,increased,triple_factor,1.0,,0.26816447747322414,0.36278319711022533,True,eligible_on_decision_date,Maintained because it remained eligible under the point-in-time screen and its constrained allocation remained positive.,-0.2833163395698285
2015,2015-01-02,WEGE3.SA,0.1,0.11670184156113401,reduced,triple_factor,0.6666666666666666,,0.30289861512809124,0.20545508729534634,True,eligible_on_decision_date,Maintained because it remained eligible under the point-in-time screen and its constrained allocation remained positive.,-0.006420614996841434
2015,2015-01-02,ABEV3.SA,0.04999999999999992,0.0,entered,triple_factor,0.5,,0.0030050740931302222,0.24332778713500522,True,eligible_on_decision_date,Entered because it passed the point-in-time screen and the constrained allocator assigned weight.,0.21439966826730017
2015,2015-01-02,TITULO_CDI,0.6500000000000001,0.6270779496297622,increased,triple_factor,,,,,True,CDI residual,"Defensive residual after equity, issuer and eligibility constraints.",0.12954569629278212
2016,2016-01-04,ITUB4.SA,0.1,0.0851991560720725,increased,triple_factor,0.8333333333333334,,-0.11153559911523481,0.3215822230360422,True,eligible_on_decision_date,Maintained because it remained eligible under the point-in-time screen and its constrained allocation remained positive.,0.5703931656201793
2016,2016-01-04,WEGE3.SA,0.049999999999999906,0.09409662278989601,reduced,triple_factor,0.5,,0.011644069816984848,0.2751091489664465,True,eligible_on_decision_date,Maintained because it remained eligible under the point-in-time screen and its constrained allocation remained positive.,0.08588700859357301
2016,2016-01-04,ABEV3.SA,0.1,0.05750466909131752,increased,triple_factor,1.0,,0.2380801302139952,0.22450136666888004,True,eligible_on_decision_date,Maintained because it remained eligible under the point-in-time screen and its constrained allocation remained positive.,-0.012329124385053847
2016,2016-01-04,BBAS3.SA,0.1,0.0,entered,triple_factor,0.6666666666666666,,-0.30109770730674845,0.48102269626322003,True,eligible_on_decision_date,Entered because it passed the point-in-time screen and the constrained allocator assigned weight.,1.064128749028474
2016,2016-01-04,TITULO_CDI,0.6500000000000001,0.6953262516611939,reduced,triple_factor,,,,,True,CDI residual,"Defensive residual after equity, issuer and eligibility constraints.",0.13821818995312585
2017,2017-01-02,ITUB4.SA,0.1,0.12499592865723912,reduced,triple_factor,0.8333333333333334,,0.4900563000832405,0.3570309344675649,True,eligible_on_decision_date,Maintained because it remained eligible under the point-in-time screen and its constrained allocation remained positive.,0.31758760914980355
2017,2017-01-02,BBDC4.SA,0.1,0.0,entered,triple_factor,1.0,,0.7261177491703599,0.4191838663192432,True,eligible_on_decision_date,Entered because it passed the point-in-time screen and the constrained allocator assigned weight.,0.3437502643972494
2017,2017-01-02,ABEV3.SA,0.0631541672084144,0.0786139681500995,reduced,triple_factor,0.5,,-0.06605413778544633,0.21596540337012016,True,eligible_on_decision_date,Maintained because it remained eligible under the point-in-time screen and its constrained allocation remained positive.,0.3414904050800427
2017,2017-01-02,BBAS3.SA,0.08684583279158559,0.16429496479057015,reduced,triple_factor,0.6666666666666666,,0.9793404159895769,0.5606428355822141,True,eligible_on_decision_date,Maintained because it remained eligible under the point-in-time screen and its constrained allocation remained positive.,0.19182088556863275
2017,2017-01-02,TITULO_CDI,0.65,0.5888793826195634,increased,triple_factor,,,,,True,CDI residual,"Defensive residual after equity, issuer and eligibility constraints.",0.10022611215747501
2018,2018-01-02,ITUB4.SA,0.1,0.11266187976710952,reduced,triple_factor,1.0,,0.2640544677502641,0.24051973071285426,True,eligible_on_decision_date,Maintained because it remained eligible under the point-in-time screen and its constrained allocation remained positive.,0.295105004157717
2018,2018-01-02,BBDC4.SA,0.1,0.11489894840634637,reduced,triple_factor,0.875,,0.2891518028253717,0.2633690915452753,True,eligible_on_decision_date,Maintained because it remained eligible under the point-in-time screen and its constrained allocation remained positive.,0.2616934733888068
2018,2018-01-02,RENT3.SA,0.04999999999999992,0.0,entered,triple_factor,0.625,,0.9366863580810454,0.2844419028847843,True,eligible_on_decision_date,Entered because it passed the point-in-time screen and the constrained allocator assigned weight.,0.32104044204281434
2018,2018-01-02,ABEV3.SA,0.1,0.0724414399801106,increased,triple_factor,0.75,,0.3148865673660046,0.16691983200412328,True,eligible_on_decision_date,Maintained because it remained eligible under the point-in-time screen and its constrained allocation remained positive.,-0.2677609948416604
2018,2018-01-02,TITULO_CDI,0.6500000000000001,0.6114948388815445,increased,triple_factor,,,,,True,CDI residual,"Defensive residual after equity, issuer and eligibility constraints.",0.06288552611006737
2019,2019-01-02,ITUB4.SA,0.1,0.11927312555807479,reduced,triple_factor,0.875,,0.33042936401510725,0.29498269908158864,True,eligible_on_decision_date,Maintained because it remained eligible under the point-in-time screen and its constrained allocation remained positive.,0.08303963420876981
2019,2019-01-02,BBDC4.SA,0.1,0.11619607953347122,reduced,triple_factor,1.0,,0.3171208706686732,0.3227575113135323,True,eligible_on_decision_date,Maintained because it remained eligible under the point-in-time screen and its constrained allocation remained positive.,0.13737179078408657
2019,2019-01-02,ABEV3.SA,0.04999999999999989,0.06743579441079409,reduced,triple_factor,0.625,,-0.2426198561542019,0.2146400641917788,True,eligible_on_decision_date,Maintained because it remained eligible under the point-in-time screen and its constrained allocation remained positive.,0.18639951372197316
2019,2019-01-02,BBAS3.SA,0.1,0.0,entered,triple_factor,0.75,,0.5698787667196505,0.41136638741376735,True,eligible_on_decision_date,Entered because it passed the point-in-time screen and the constrained allocator assigned weight.,0.1445196719463835
2019,2019-01-02,TITULO_CDI,0.6500000000000001,0.6362641713350699,increased,triple_factor,,,,,True,CDI residual,"Defensive residual after equity, issuer and eligibility constraints.",0.05825368501784567
2020,2020-01-02,PETR4.SA,0.08385034487145498,0.0,entered,triple_factor,0.75,,0.5009296651970561,0.29386693457820756,True,eligible_on_decision_date,Entered because it passed the point-in-time screen and the constrained allocator assigned weight.,-0.07685446326745682
2020,2020-01-02,ITUB4.SA,0.06614965512854495,0.09994109445386401,reduced,triple_factor,0.625,,0.15731498904323882,0.25020599098263496,True,eligible_on_decision_date,Maintained because it remained eligible under the point-in-time screen and its constrained allocation remained positive.,-0.13366899558444545
2020,2020-01-02,ABEV3.SA,0.1,0.054739486033458434,increased,triple_factor,0.875,,0.2597208999305054,0.26654098737097903,True,eligible_on_decision_date,Maintained because it remained eligible under the point-in-time screen and its constrained allocation remained positive.,-0.163343890821688
2020,2020-01-02,BBAS3.SA,0.1,0.10561436998735899,reduced,triple_factor,1.0,,0.2618796282195921,0.3049130073701684,True,eligible_on_decision_date,Maintained because it remained eligible under the point-in-time screen and its constrained allocation remained positive.,-0.2497437280487449
2020,2020-01-02,TITULO_CDI,0.65,0.6347502741121765,increased,triple_factor,,,,,True,CDI residual,"Defensive residual after equity, issuer and eligibility constraints.",0.027172409622468585
2021,2021-01-04,VALE3.SA,0.04999999999999997,0.0,entered,triple_factor,0.5714285714285714,,0.7068769512618744,0.549207656659982,True,eligible_on_decision_date,Entered because it passed the point-in-time screen and the constrained allocator assigned weight.,0.0027470287448285724
2021,2021-01-04,WEGE3.SA,0.1,0.0,entered,triple_factor,1.0,,1.2554169308233027,0.5744692996535821,True,eligible_on_decision_date,Entered because it passed the point-in-time screen and the constrained allocator assigned weight.,-0.1059001144583589
2021,2021-01-04,ABEV3.SA,0.1,0.08705493161248838,increased,triple_factor,0.7142857142857143,,-0.15051294140073657,0.46084170343874364,True,eligible_on_decision_date,Maintained because it remained eligible under the point-in-time screen and its constrained allocation remained positive.,0.03993209205993575
2021,2021-01-04,BBAS3.SA,0.1,0.07806493938196665,increased,triple_factor,0.8571428571428571,,-0.2094832462228815,0.6159994366348962,True,eligible_on_decision_date,Maintained because it remained eligible under the point-in-time screen and its constrained allocation remained positive.,-0.17314382134044048
2021,2021-01-04,TITULO_CDI,0.6499999999999999,0.6947092703970179,reduced,triple_factor,,,,,True,CDI residual,"Defensive residual after equity, issuer and eligibility constraints.",0.043186650987467656
2022,2022-01-03,PETR4.SA,0.1,0.0,entered,triple_factor,1.0,,0.2954407284046814,0.43453364442349063,True,eligible_on_decision_date,Entered because it passed the point-in-time screen and the constrained allocator assigned weight.,0.34902086293420553
2022,2022-01-03,VALE3.SA,0.1,0.0499228086560256,increased,triple_factor,0.875,,0.05585094831047743,0.35061270440863357,True,eligible_on_decision_date,Maintained because it remained eligible under the point-in-time screen and its constrained allocation remained positive.,0.24886236096621905
2022,2022-01-03,WEGE3.SA,0.07184338867276238,0.08902739419959606,reduced,triple_factor,0.625,,-0.0734937010795963,0.34537200890463976,True,eligible_on_decision_date,Maintained because it remained eligible under the point-in-time screen and its constrained allocation remained positive.,0.22413800665180394
2022,2022-01-03,ABEV3.SA,0.07815661132723752,0.10354821178010168,reduced,triple_factor,0.75,,0.043978501673070935,0.2979171903166912,True,eligible_on_decision_date,Maintained because it remained eligible under the point-in-time screen and its constrained allocation remained positive.,-0.0029317549761597173
2022,2022-01-03,TITULO_CDI,0.6500000000000001,0.6751697875928206,reduced,triple_factor,,,,,True,CDI residual,"Defensive residual after equity, issuer and eligibility constraints.",0.12294915546054574
2023,2023-01-02,PETR4.SA,0.1,0.11673982448620947,reduced,triple_factor,1.0,,0.36355195320773337,0.4099346681236181,True,eligible_on_decision_date,Maintained because it remained eligible under the point-in-time screen and its constrained allocation remained positive.,1.1037887742599612
2023,2023-01-02,VALE3.SA,0.1,0.10807243744883444,reduced,triple_factor,0.875,,0.26426027227332627,0.38738979788208716,True,eligible_on_decision_date,Maintained because it remained eligible under the point-in-time screen and its constrained allocation remained positive.,-0.0628263312927414
2023,2023-01-02,WEGE3.SA,0.04999999999999994,0.0761057658391823,reduced,triple_factor,0.625,,0.177437433922351,0.3728000062810479,True,eligible_on_decision_date,Maintained because it remained eligible under the point-in-time screen and its constrained allocation remained positive.,-0.01548203828749084
2023,2023-01-02,BBAS3.SA,0.1,0.0,entered,triple_factor,0.75,,0.3375154158280995,0.32315940566292967,True,eligible_on_decision_date,Entered because it passed the point-in-time screen and the constrained allocator assigned weight.,0.8116049369710683
2023,2023-01-02,TITULO_CDI,0.65,0.6316461004885638,increased,triple_factor,,,,,True,CDI residual,"Defensive residual after equity, issuer and eligibility constraints.",0.129326575852573
2024,2024-01-02,PETR4.SA,0.1,0.16584267194952876,reduced,triple_factor,1.0,,0.9195396454785423,0.3232251205168014,True,eligible_on_decision_date,Maintained because it remained eligible under the point-in-time screen and its constrained allocation remained positive.,0.17383763796217933
2024,2024-01-02,ITUB4.SA,0.049999999999999954,0.0,entered,triple_factor,0.625,,0.41233945990597687,0.23439749999807433,True,eligible_on_decision_date,Entered because it passed the point-in-time screen and the constrained allocator assigned weight.,-0.01682768385408928
2024,2024-01-02,WEGE3.SA,0.1,0.03880501012040541,increased,triple_factor,0.75,,-0.025710872977286914,0.2516816091794174,True,eligible_on_decision_date,Maintained because it remained eligible under the point-in-time screen and its constrained allocation remained positive.,0.4687820165299381
2024,2024-01-02,BBAS3.SA,0.1,0.1428096807722174,reduced,triple_factor,0.875,,0.7078796304427408,0.24698718041786313,True,eligible_on_decision_date,Maintained because it remained eligible under the point-in-time screen and its constrained allocation remained positive.,-0.04320859384234421
2024,2024-01-02,TITULO_CDI,0.65,0.5786647901036324,increased,triple_factor,,,,,True,CDI residual,"Defensive residual after equity, issuer and eligibility constraints.",0.10726695312630197
2025,2025-01-02,PETR4.SA,0.1,0.10398772765360571,reduced,triple_factor,1.0,,0.187033942878005,0.2495776272891861,True,eligible_on_decision_date,Maintained because it remained eligible under the point-in-time screen and its constrained allocation remained positive.,-0.06655590159381997
2025,2025-01-02,ITUB4.SA,0.1,0.04354855038786874,increased,triple_factor,0.75,,-0.02676871249134616,0.18353495356679794,True,eligible_on_decision_date,Maintained because it remained eligible under the point-in-time screen and its constrained allocation remained positive.,0.6498910829991518
2025,2025-01-02,WEGE3.SA,0.1,0.1301162097533203,reduced,triple_factor,0.875,,0.45801701986901855,0.25255362821352284,True,eligible_on_decision_date,Maintained because it remained eligible under the point-in-time screen and its constrained allocation remained positive.,-0.0294410759500906
2025,2025-01-02,BBAS3.SA,0.04999999999999996,0.084760073239395,reduced,triple_factor,0.625,,-0.044952533348259105,0.17045103023021071,True,eligible_on_decision_date,Maintained because it remained eligible under the point-in-time screen and its constrained allocation remained positive.,-0.0394595007634444
2025,2025-01-02,TITULO_CDI,0.65,0.6375874389658104,increased,triple_factor,,,,,True,CDI residual,"Defensive residual after equity, issuer and eligibility constraints.",0.14146323464468114
