decision_year,decision_date,ticker,previous_weight,new_weight,reason,decision_action,factor
2013,2013-01-02,AMBV3.SA,0.0,0.09738415087017309,entered_after_point_in_time_screen,entered,triple_factor
2013,2013-01-02,BBDC3.SA,0.0,0.08150290925089498,entered_after_point_in_time_screen,entered,triple_factor
2013,2013-01-02,CIEL3.SA,0.0,0.176,entered_after_point_in_time_screen,entered,triple_factor
2013,2013-01-02,CMIG4.SA,0.0,0.149624506859889,entered_after_point_in_time_screen,entered,triple_factor
2013,2013-01-02,ITSA4.SA,0.0,0.04548843301904302,entered_after_point_in_time_screen,entered,triple_factor
2013,2013-01-02,TITULO_CDI,0.0,0.44999999999999996,defensive_residual_adjustment,entered,triple_factor
2014,2014-01-02,BBAS3.SA,0.0,0.0931416753693974,entered_after_point_in_time_screen,entered,triple_factor
2014,2014-01-02,BBDC3.SA,0.07849613610598519,0.0,removed_by_constrained_allocator,exited,triple_factor
2014,2014-01-02,CIEL3.SA,0.18854778523519167,0.176,rebalanced_after_point_in_time_review,reduced,triple_factor
2014,2014-01-02,CMIG4.SA,0.13637994649502955,0.176,rebalanced_after_point_in_time_review,increased,triple_factor
2014,2014-01-02,ESTC3.SA,0.0,0.06872724444833347,entered_after_point_in_time_screen,entered,triple_factor
2014,2014-01-02,EZTC3.SA,0.0,0.03613108018226918,entered_after_point_in_time_screen,entered,triple_factor
2014,2014-01-02,ITSA4.SA,0.04391855354739155,0.0,removed_by_constrained_allocator,exited,triple_factor
2014,2014-01-02,TITULO_CDI,0.4552546524779404,0.44999999999999996,defensive_residual_adjustment,reduced,triple_factor
2015,2015-01-02,BBAS3.SA,0.08588704304742437,0.0,removed_by_constrained_allocator,exited,triple_factor
2015,2015-01-02,BBSE3.SA,0.0,0.06604830212919385,entered_after_point_in_time_screen,entered,triple_factor
2015,2015-01-02,CIEL3.SA,0.19744679012968855,0.176,rebalanced_after_point_in_time_review,reduced,triple_factor
2015,2015-01-02,CMIG4.SA,0.1833991692313655,0.176,rebalanced_after_point_in_time_review,reduced,triple_factor
2015,2015-01-02,ESTC3.SA,0.0720516594057307,0.0,removed_by_constrained_allocator,exited,triple_factor
2015,2015-01-02,EZTC3.SA,0.027434067641600998,0.0,removed_or_blocked_by_eligibility,exited,triple_factor
2015,2015-01-02,ITSA4.SA,0.0,0.05597240137162578,entered_after_point_in_time_screen,entered,triple_factor
2015,2015-01-02,ITUB4.SA,0.0,0.07597929649918042,entered_after_point_in_time_screen,entered,triple_factor
2015,2015-01-02,TITULO_CDI,0.43378127054418997,0.44999999999999996,defensive_residual_adjustment,increased,triple_factor
2016,2016-01-04,BBSE3.SA,0.06070848299298955,0.0,removed_by_constrained_allocator,exited,triple_factor
2016,2016-01-04,BRSR6.SA,0.0,0.14942718662226878,entered_after_point_in_time_screen,entered,triple_factor
2016,2016-01-04,CIEL3.SA,0.16530417997227606,0.0,removed_by_constrained_allocator,exited,triple_factor
2016,2016-01-04,CMIG4.SA,0.09438047905607493,0.12190243478218836,rebalanced_after_point_in_time_review,increased,triple_factor
2016,2016-01-04,ENBR3.SA,0.0,0.058963419233430354,entered_after_point_in_time_screen,entered,triple_factor
2016,2016-01-04,ITSA4.SA,0.05305622569113742,0.0,removed_by_constrained_allocator,exited,triple_factor
2016,2016-01-04,ITUB4.SA,0.07416651633037577,0.0,removed_by_constrained_allocator,exited,triple_factor
2016,2016-01-04,LREN3.SA,0.0,0.04370695936211261,entered_after_point_in_time_screen,entered,triple_factor
2016,2016-01-04,SMLE3.SA,0.0,0.176,entered_after_point_in_time_screen,entered,triple_factor
2016,2016-01-04,TITULO_CDI,0.5523841159571463,0.44999999999999996,defensive_residual_adjustment,reduced,triple_factor
2017,2017-01-02,BRSR6.SA,0.2197496346786897,0.0,removed_or_blocked_by_eligibility,exited,triple_factor
2017,2017-01-02,CMIG4.SA,0.13481972126265204,0.176,rebalanced_after_point_in_time_review,increased,triple_factor
2017,2017-01-02,CPLE6.SA,0.0,0.05340610432996152,entered_after_point_in_time_screen,entered,triple_factor
2017,2017-01-02,ELET3.SA,0.0,0.05625261054336845,entered_after_point_in_time_screen,entered,triple_factor
2017,2017-01-02,ENBR3.SA,0.052330418319162936,0.0,removed_by_constrained_allocator,exited,triple_factor
2017,2017-01-02,LREN3.SA,0.047351518050182305,0.0,removed_by_constrained_allocator,exited,triple_factor
2017,2017-01-02,SAPR4.SA,0.0,0.0883412851266702,entered_after_point_in_time_screen,entered,triple_factor
2017,2017-01-02,SMLE3.SA,0.16675028893973212,0.176,rebalanced_after_point_in_time_review,increased,triple_factor
2017,2017-01-02,TITULO_CDI,0.378998418749581,0.44999999999999984,defensive_residual_adjustment,increased,triple_factor
2018,2018-01-02,BRSR6.SA,0.0,0.08564174175036426,entered_after_point_in_time_screen,entered,triple_factor
2018,2018-01-02,CMIG4.SA,0.1353653808746189,0.0,removed_or_blocked_by_eligibility,exited,triple_factor
2018,2018-01-02,CVCB3.SA,0.0,0.11135010850813523,entered_after_point_in_time_screen,entered,triple_factor
2018,2018-01-02,ITSA3.SA,0.0,0.12206581563520436,entered_after_point_in_time_screen,entered,triple_factor
2018,2018-01-02,MGLU3.SA,0.0,0.176,entered_after_point_in_time_screen,entered,triple_factor
2018,2018-01-02,SAPR4.SA,0.08371306477392203,0.05494233410629621,rebalanced_after_point_in_time_review,reduced,triple_factor
2018,2018-01-02,TITULO_CDI,0.40873058791202177,0.44999999999999996,defensive_residual_adjustment,increased,triple_factor
2019,2019-01-02,BRSR6.SA,0.09935373586271533,0.15648350073551673,rebalanced_after_point_in_time_review,increased,triple_factor
2019,2019-01-02,CMIG3.SA,0.0,0.03908591851684648,entered_after_point_in_time_screen,entered,triple_factor
2019,2019-01-02,CSNA3.SA,0.0,0.1372619313777054,entered_after_point_in_time_screen,entered,triple_factor
2019,2019-01-02,CVCB3.SA,0.09918362058193003,0.0,removed_by_constrained_allocator,exited,triple_factor
2019,2019-01-02,IRBR3.SA,0.0,0.05304017254140014,entered_after_point_in_time_screen,entered,triple_factor
2019,2019-01-02,ITSA3.SA,0.12779997284414704,0.0,removed_or_blocked_by_eligibility,exited,triple_factor
2019,2019-01-02,MGLU3.SA,0.29011022611474724,0.16412847682853124,rebalanced_after_point_in_time_review,reduced,triple_factor
2019,2019-01-02,SAPR4.SA,0.0389640240242564,0.0,removed_or_blocked_by_eligibility,exited,triple_factor
2019,2019-01-02,TITULO_CDI,0.344588420572204,0.44999999999999996,defensive_residual_adjustment,increased,triple_factor
2020,2020-01-02,AZUL4.SA,0.0,0.176,entered_after_point_in_time_screen,entered,triple_factor
2020,2020-01-02,BBSE3.SA,0.0,0.11446077258918835,entered_after_point_in_time_screen,entered,triple_factor
2020,2020-01-02,BRSR6.SA,0.11894346780138058,0.0,removed_by_constrained_allocator,exited,triple_factor
2020,2020-01-02,CMIG3.SA,0.031052871458652254,0.04438273158168448,rebalanced_after_point_in_time_review,increased,triple_factor
2020,2020-01-02,CSNA3.SA,0.1714509753301978,0.0,removed_by_constrained_allocator,exited,triple_factor
2020,2020-01-02,EQTL3.SA,0.0,0.04916930745846978,entered_after_point_in_time_screen,entered,triple_factor
2020,2020-01-02,IRBR3.SA,0.05846916090119264,0.0,removed_by_constrained_allocator,exited,triple_factor
2020,2020-01-02,MGLU3.SA,0.2573539219214569,0.0,removed_by_constrained_allocator,exited,triple_factor
2020,2020-01-02,MRFG3.SA,0.0,0.1659871883706575,entered_after_point_in_time_screen,entered,triple_factor
2020,2020-01-02,TITULO_CDI,0.3627296025871198,0.44999999999999984,defensive_residual_adjustment,increased,triple_factor
2021,2021-01-04,AZUL4.SA,0.11671365730983979,0.0,removed_or_blocked_by_eligibility,exited,triple_factor
2021,2021-01-04,BBSE3.SA,0.09788045834054984,0.14877336433282762,rebalanced_after_point_in_time_review,increased,triple_factor
2021,2021-01-04,CMIG3.SA,0.04897207995848963,0.0,removed_by_constrained_allocator,exited,triple_factor
2021,2021-01-04,CSMG3.SA,0.0,0.029630408557354944,entered_after_point_in_time_screen,entered,triple_factor
2021,2021-01-04,EQTL3.SA,0.04779772099270642,0.052830150980179215,rebalanced_after_point_in_time_review,increased,triple_factor
2021,2021-01-04,MRFG3.SA,0.23752123029685585,0.15616356547909568,rebalanced_after_point_in_time_review,reduced,triple_factor
2021,2021-01-04,TASA4.SA,0.0,0.1626025106505426,entered_after_point_in_time_screen,entered,triple_factor
2021,2021-01-04,TITULO_CDI,0.4511148531015585,0.44999999999999996,defensive_residual_adjustment,reduced,triple_factor
2022,2022-01-03,BBSE3.SA,0.09408945985318545,0.0,removed_by_constrained_allocator,exited,triple_factor
2022,2022-01-03,CSMG3.SA,0.021144065421169166,0.0,removed_by_constrained_allocator,exited,triple_factor
2022,2022-01-03,EQTL3.SA,0.046467526047800405,0.0,removed_by_constrained_allocator,exited,triple_factor
2022,2022-01-03,FHER3.SA,0.0,0.176,entered_after_point_in_time_screen,entered,triple_factor
2022,2022-01-03,GOAU4.SA,0.0,0.1482914372675722,entered_after_point_in_time_screen,entered,triple_factor
2022,2022-01-03,MRFG3.SA,0.21292219929648307,0.0,removed_by_constrained_allocator,exited,triple_factor
2022,2022-01-03,TASA4.SA,0.22155200082127577,0.05080419814417584,rebalanced_after_point_in_time_review,reduced,triple_factor
2022,2022-01-03,UNIP6.SA,0.0,0.11045968798287274,entered_after_point_in_time_screen,entered,triple_factor
2022,2022-01-03,USIM5.SA,0.0,0.06444467660537924,entered_after_point_in_time_screen,entered,triple_factor
2022,2022-01-03,TITULO_CDI,0.40382474856008616,0.44999999999999996,defensive_residual_adjustment,increased,triple_factor
2023,2023-01-02,BRAP4.SA,0.0,0.057535036359993776,entered_after_point_in_time_screen,entered,triple_factor
2023,2023-01-02,CURY3.SA,0.0,0.03534803371037258,entered_after_point_in_time_screen,entered,triple_factor
2023,2023-01-02,FHER3.SA,0.16270093729754118,0.0,removed_or_blocked_by_eligibility,exited,triple_factor
2023,2023-01-02,GOAU4.SA,0.1807405097753806,0.0,removed_by_constrained_allocator,exited,triple_factor
2023,2023-01-02,KEPL3.SA,0.0,0.13643785336761355,entered_after_point_in_time_screen,entered,triple_factor
2023,2023-01-02,TASA4.SA,0.028097119701466926,0.0,removed_by_constrained_allocator,exited,triple_factor
2023,2023-01-02,UNIP6.SA,0.11573977601449083,0.1446790765620201,rebalanced_after_point_in_time_review,increased,triple_factor
2023,2023-01-02,USIM5.SA,0.03097184833089338,0.0,removed_by_constrained_allocator,exited,triple_factor
2023,2023-01-02,VIVA3.SA,0.0,0.176,entered_after_point_in_time_screen,entered,triple_factor
2023,2023-01-02,TITULO_CDI,0.4817498088802271,0.44999999999999996,defensive_residual_adjustment,reduced,triple_factor
2024,2024-01-02,BBSE3.SA,0.0,0.07297898200503072,entered_after_point_in_time_screen,entered,triple_factor
2024,2024-01-02,BRAP4.SA,0.045819365353245045,0.0,removed_by_constrained_allocator,exited,triple_factor
2024,2024-01-02,CMIN3.SA,0.0,0.08468526017123647,entered_after_point_in_time_screen,entered,triple_factor
2024,2024-01-02,CURY3.SA,0.04741834159022627,0.176,rebalanced_after_point_in_time_review,increased,triple_factor
2024,2024-01-02,KEPL3.SA,0.13673665415515018,0.0,removed_by_constrained_allocator,exited,triple_factor
2024,2024-01-02,PLPL3.SA,0.0,0.04033575782373292,entered_after_point_in_time_screen,entered,triple_factor
2024,2024-01-02,UNIP6.SA,0.1112518617999944,0.0,removed_by_constrained_allocator,exited,triple_factor
2024,2024-01-02,VIVA3.SA,0.24226288445649014,0.176,rebalanced_after_point_in_time_review,reduced,triple_factor
2024,2024-01-02,TITULO_CDI,0.416510892644894,0.44999999999999996,defensive_residual_adjustment,increased,triple_factor
2025,2025-01-02,BBSE3.SA,0.08661331264323037,0.11612614726630094,rebalanced_after_point_in_time_review,increased,triple_factor
2025,2025-01-02,CMIN3.SA,0.06396096193305645,0.03425934975693948,rebalanced_after_point_in_time_review,reduced,triple_factor
2025,2025-01-02,CURY3.SA,0.19605405974263793,0.17317294215027026,rebalanced_after_point_in_time_review,reduced,triple_factor
2025,2025-01-02,PLPL3.SA,0.03498487992532606,0.0,removed_by_constrained_allocator,exited,triple_factor
2025,2025-01-02,STBP3.SA,0.0,0.05044156082648938,entered_after_point_in_time_screen,entered,triple_factor
2025,2025-01-02,VIVA3.SA,0.10438047312587305,0.176,rebalanced_after_point_in_time_review,increased,triple_factor
2025,2025-01-02,TITULO_CDI,0.5140063126298762,0.44999999999999996,defensive_residual_adjustment,reduced,triple_factor
