date,static,volatility_target,mean_variance,linear_trailing_12m,linear_above_trend,linear_drawdown,linear_market_trailing_12m,linear_short_volatility,oracle_binary,oracle_continuous
2016-03-31,0.55,0.685864165767717,-0.913871313782147,0.051392254676851656,0.26114678477110076,0.021183703308726876,0.55,0.7795958143881092,0.95,0.95
2016-04-30,0.55,0.3269002352423961,-0.019443674430670868,0.55,0.55,0.55,0.55,1.944831676697581,0.0,0.0
2016-05-31,0.55,0.3449261739715864,-0.03665654869394587,0.55,0.55,0.55,0.55,1.2721030267972169,0.0,0.0
2016-06-30,0.55,0.3612120571382611,-0.41541997041665285,0.55,0.55,0.55,0.55,1.3792098667318469,0.95,0.95
2016-07-31,0.55,0.3396304243460882,-0.04248832883410291,0.55,0.55,0.55,0.55,0.6850969029675825,0.95,0.95
2016-08-31,0.55,0.3271106866019465,-0.003799707184163917,0.55,1.351226056738653,0.6762049350187547,0.55,0.7833869960135698,0.0,0.0
2016-09-30,0.55,0.35346847358104605,-0.026819079555324223,0.55,0.727920250811587,0.55,0.55,0.7309762065543113,0.0,0.0
2016-10-31,0.55,0.36381316241530914,0.015685469507611873,0.55,0.686525911741378,0.6572529360518437,0.55,0.7216732939935122,0.95,0.95
2016-11-30,0.55,0.3506196105001465,0.048825311173356804,0.8231936783281736,0.9446146713159779,0.6638270542092841,0.55,0.6784040191439903,0.0,0.0
2016-12-31,0.55,0.3134146932233391,-0.006630475222995614,0.55,0.55,0.55,0.55,1.1117956186030975,0.0,0.0
2017-01-31,0.55,0.3145225991004102,0.0018939442518230395,0.55,0.55,0.55,0.55,1.0875118140386744,0.95,0.95
2017-02-28,0.55,0.31945437919685327,0.04264253192716028,0.55,0.55,0.55,0.55,1.1001153737806164,0.95,0.95
2017-03-31,0.55,0.32177329757521733,0.044824307505782174,0.55,0.55,0.55,0.55,0.7188599013816999,0.0,0.0
2017-04-30,0.55,0.3836176151084452,0.03225341669322696,0.55,0.55,0.55,0.55,0.7583611742001035,0.0,0.0
2017-05-31,0.55,0.38106349584955984,0.01879444227480859,0.55,0.55,0.55,0.55,0.6023381439743432,0.0,0.0
2017-06-30,0.55,0.36859801392548047,0.009056550456819206,0.55,0.55,0.55,0.55,0.1901405975178579,0.0,0.0
2017-07-31,0.55,0.3847995792677029,0.008902294277221846,0.55,0.55,0.55,0.55,0.23678174948942404,0.95,0.95
2017-08-31,0.55,0.4220234365520823,0.03603601042200668,0.55,0.55,0.55,0.55,0.4748699580776148,0.95,0.95
2017-09-30,0.55,0.4229004981597584,0.07789277928142281,0.55,0.55,0.55,0.55,0.2935963387706887,0.95,0.95
2017-10-31,0.55,0.42237256268333745,0.10243803781739173,0.55,0.55,0.55,0.55,0.05929030978548899,0.95,0.95
2017-11-30,0.55,0.46370162610609467,0.11414673672036024,0.55,0.55,0.55,0.55,0.1138237040004475,0.0,0.0
2017-12-31,0.55,0.5487551279587404,0.1083236066569072,0.55,0.55,0.55,0.55,0.44419264841862827,0.95,0.8584260254881124
2018-01-31,0.55,0.5656444633582618,0.13072964734235928,0.55,0.55,0.55,0.55,0.43036596386682635,0.95,0.95
2018-02-28,0.55,0.6551948103443672,0.18179417345553273,0.55,0.55,0.55,0.55,0.5293933972242988,0.95,0.95
2018-03-31,0.55,0.7274190720772407,0.179850953449406,0.55,0.55,0.55,0.55,0.2644269946630427,0.95,0.95
2018-04-30,0.55,0.7488726614677745,0.176678456011102,0.55,0.55,0.55,0.55,0.310900822266446,0.95,0.3752309704060206
2018-05-31,0.55,0.7773520243715476,0.18614165450576994,0.55,0.55,0.55,0.55,0.3454767234561106,0.0,0.0
2018-06-30,0.55,0.7694106574411808,0.16004477060283362,0.55,0.55,0.55,0.55,0.5940961989070229,0.95,0.34297537893512986
2018-07-31,0.55,0.8013647057691742,0.1307631271259741,0.55,0.55,0.55,0.55,0.4578547131982083,0.95,0.9083561688947854
2018-08-31,0.55,0.8097507328230821,0.09865150397364528,0.55,0.55,0.55,0.55,0.4946992222046576,0.0,0.0
2018-09-30,0.55,0.7756193973016895,0.0980524101932132,0.55,0.55,0.55,0.55,0.2653312509715086,0.0,0.0
2018-10-31,0.55,0.7696365174595236,0.09253716226178284,0.55,0.55,0.55,0.55,0.27118327277823434,0.95,0.95
2018-11-30,0.55,0.44954560044861247,0.10565539538727835,0.55,0.55,0.55,0.55,0.9904150486420209,0.95,0.95
2018-12-31,0.55,0.47124152324161755,0.20125668107769967,0.55,0.55,0.55,0.55,0.8977648843507686,0.95,0.95
2019-01-31,0.55,0.4728695519858149,0.24640251653815842,0.55,0.55,0.55,0.55,0.8027081926945976,0.95,0.704655754837291
2019-02-28,0.55,0.48303569478707997,0.2216762515695045,0.55,0.55,0.55,0.55,0.2809626696523401,0.95,0.95
2019-03-31,0.55,0.4776716874158511,0.21653659927509467,0.55,0.55,0.6445620315615338,0.55,0.35813568346258007,0.95,0.95
2019-04-30,0.55,0.4780639153916811,0.2870346146480739,0.55,0.55,0.6431053444595024,0.55,0.36506653967107805,0.0,0.0
2019-05-31,0.55,0.4755791451477044,0.3053382881320857,0.55,0.55,0.6377002339400876,0.55,0.4416283803770016,0.95,0.95
2019-06-30,0.55,0.5334249968287892,0.43415310549367864,0.55,0.55,0.6404998238708703,0.55,0.4866453876093911,0.95,0.5500017911164726
2019-07-31,0.55,0.5371993595845271,0.47915568263443686,0.55,0.55,0.6392230859844461,0.55,0.47752916913719745,0.95,0.95
2019-08-31,0.55,0.5407439876248638,0.47583215227164516,0.55,0.6304152043050053,0.6379991652678323,0.55,0.4493866720579529,0.0,0.0
2019-09-30,0.55,0.5539221297297039,0.44134789630498905,0.55,0.5934138980761303,0.6317577313970939,0.55,0.45087379906037794,0.0,0.0
2019-10-31,0.55,0.5532203476714233,0.4016041003119217,0.55,0.557217533131999,0.6194258880090704,0.55,0.4653466997063303,0.95,0.95
2019-11-30,0.55,1.3173793442979433,0.38971577442500804,0.6247585685250029,0.559953093088145,0.6351399222593832,0.55,0.45353915739546885,0.0,0.0
2019-12-31,0.55,1.2487571358179224,0.4436984432443829,0.607310509445464,0.537101327449684,0.6330604832252156,0.55,0.45304993440227903,0.95,0.95
2020-01-31,0.55,1.1863999657411486,0.4626074796588655,0.6167571879924111,0.571804633000598,0.6330890719487701,0.55,0.48205555918969495,0.95,0.6927980370950667
2020-02-29,0.55,1.1843844041327825,0.4376727895363283,0.6152064978586588,0.5716904601989299,0.6321063044040774,0.55,0.4840409539550172,0.0,0.0
2020-03-31,0.55,1.058740623096907,0.34890340905244444,0.5518124689157254,0.5120189560703929,0.5798111577247006,0.55,0.5426780828107566,0.0,0.0
2020-04-30,0.55,0.39175069435465704,0.05968257313805383,0.55,0.26804051652048516,0.55,0.55,1.0669226643046583,0.95,0.95
2020-05-31,0.55,0.3388637057012522,0.0925589971898327,0.55,0.55,0.55,0.55,1.3813317802489542,0.0,0.0
2020-06-30,0.55,0.3439546959361425,0.11657725960020796,0.55,0.55,0.55,0.55,1.3015749017679865,0.95,0.95
2020-07-31,0.55,0.34116323810972493,0.12648021302317042,0.55,0.55,0.55,0.55,0.6622543467535661,0.95,0.95
2020-08-31,0.55,0.3368402269798902,0.13672477127464397,0.55,0.55,0.55,0.55,0.3898150930772807,0.95,0.95
2020-09-30,0.55,0.329957626988327,0.16560109190145011,0.55,0.55,0.55,0.55,0.36150651543926704,0.0,0.0
2020-10-31,0.55,0.3237566524793295,0.1447912463972632,0.55,0.55,0.55,0.55,0.6908800534213142,0.0,0.0
2020-11-30,0.55,0.3208484775181006,0.0936833892152044,0.55,0.55,0.55,0.55,0.6426831872917549,0.95,0.95
2020-12-31,0.55,0.29745790634420527,0.11947688667366459,0.55,0.55,0.55,0.55,0.9468234434390814,0.95,0.7783270453895181
2021-01-31,0.55,0.30007359333959505,0.114276331560193,0.55,0.55,0.55,0.55,0.8145956596245081,0.0,0.0
2021-02-28,0.55,0.30031891051591997,0.10723078504821763,0.55,0.55,0.55,0.55,0.6910906057806555,0.95,0.38861183398632093
2021-03-31,0.55,0.30575723305828456,0.09239588217614507,0.55,0.55,0.55,0.55,0.2185437614470051,0.95,0.95
2021-04-30,0.55,0.4720384896081303,0.10441660238896987,0.55,0.55,0.55,0.55,0.5611123262771412,0.95,0.95
2021-05-31,0.55,0.5474196192258761,0.12185373256991741,0.55,0.55,0.55,0.55,0.5043549502698609,0.0,0.0
2021-06-30,0.55,0.5469628246317323,0.10480175387493211,0.55,0.55,0.55,0.55,0.5424676512227832,0.0,0.0
2021-07-31,0.55,0.5343611661536175,0.0947845722793292,0.55,0.55,0.55,0.55,0.45644475207254953,0.95,0.731538526387585
2021-08-31,0.55,0.5436744434208475,0.09098067092292197,0.55,0.55,0.55,0.55,0.3603812065102061,0.0,0.0
2021-09-30,0.55,0.5454790964123244,0.08038609120213636,0.55,0.55,0.55,0.55,0.4098797163128911,0.95,0.95
2021-10-31,0.55,0.5866528393503041,0.0989341844617503,0.55,0.55,0.55,0.55,0.498246825432809,0.95,0.08702897571886828
2021-11-30,0.55,0.6330472679676254,0.09271758413835099,0.55,0.55,0.55,0.55,0.4971863239387183,0.0,0.0
2021-12-31,0.55,0.8253866607180725,0.08560168363810833,0.55,0.55,0.55,0.55,0.4641435404346774,0.95,0.1388727047305828
2022-01-31,0.55,0.8234685765995934,0.07180809134699517,0.55,0.55,0.55,0.55,0.35307588196477874,0.0,0.0
2022-02-28,0.55,0.7844906954327051,0.055572150283058064,0.55,0.55,0.55,0.55,0.37658362638474685,0.0,0.0
2022-03-31,0.55,0.7265118719322385,0.053102026901063665,0.55,0.55,0.55,0.55,0.3466065656220503,0.95,0.95
2022-04-30,0.55,0.7365987474632076,0.27701674032685275,0.55,0.55,0.55,0.55,0.6828462686931842,0.0,0.0
2022-05-31,0.55,0.7535780069716246,0.2172368478899546,0.55,0.55,0.55,0.55,0.6832299560770455,0.95,0.04012170574920829
2022-06-30,0.55,0.7478384146306596,0.22182528342340313,0.55,0.55,0.55,0.55,0.6186075732395931,0.0,0.0
2022-07-31,0.55,0.6618306295260525,0.12527612987822812,0.55,0.55,0.55,0.55,0.4842448561346025,0.95,0.95
2022-08-31,0.55,0.6412617587934648,0.11395602636050924,0.55,0.55,0.55,0.55,0.5816728797973119,0.0,0.0
2022-09-30,0.55,0.6423323833156778,0.04619156154202212,0.55,0.55,0.55,0.55,0.5770976841220039,0.0,0.0
2022-10-31,0.55,0.6882717132761255,0.07810025565943604,0.55,0.55,0.55,0.55,0.4682446690672367,0.95,0.95
2022-11-30,0.55,0.6629057835159056,0.13217683289901144,0.55,0.55,0.55,0.55,0.451442032087468,0.95,0.95
2022-12-31,0.55,0.5657561191936101,0.12011004798858783,0.55,0.55,0.55,0.55,0.5464765069848703,0.0,0.0
2023-01-31,0.55,0.5479155308466119,0.061184902645891374,0.55,0.55,0.55,0.55,0.6362424213084196,0.95,0.95
2023-02-28,0.55,0.5160767934622217,0.11279293838121679,0.55,0.55,0.55,0.55,0.6719127277384734,0.0,0.0
2023-03-31,0.55,0.4897700191391916,0.042318878889033976,0.55,0.55,0.55,0.55,0.7078994604527962,0.0,0.0
2023-04-30,0.55,0.5466753149777314,-0.04979555596097029,0.55,0.55,0.55,0.55,0.6215524467229766,0.0,0.0
2023-05-31,0.55,0.5374924185582075,-0.1294908760124312,0.55,0.55,0.55,0.55,0.47093809632719585,0.95,0.95
2023-06-30,0.55,0.498058006815662,-0.06543098545711366,0.55,0.55,0.55,0.55,0.585860981000782,0.95,0.95
2023-07-31,0.55,0.4997672057788654,0.0018657472954811357,0.55,0.55,0.55,0.55,0.6116706252570271,0.95,0.5554753787984416
2023-08-31,0.55,0.5040698833612053,-0.000526785048859023,0.55,0.55,0.55,0.55,0.5041071886421765,0.0,0.0
2023-09-30,0.55,0.5178818561821308,0.017466401643734617,0.55,0.55,0.55,0.55,0.5319140331178768,0.95,0.23533830099915198
2023-10-31,0.55,0.5229121994594248,-0.010808191649225404,0.55,0.55,0.55,0.55,0.42946631127933466,0.0,0.0
2023-11-30,0.55,0.4976643178189991,-0.04768240306000746,0.55,0.55,0.55,0.55,0.4963701569933417,0.95,0.95
2023-12-31,0.55,0.5153395777306835,0.010156152600100136,0.55,0.55,0.55,0.55,0.5817271367213432,0.95,0.95
2024-01-31,0.55,0.5307041342462652,0.032834569872903965,0.55,0.55,0.55,0.55,0.5912797745921722,0.0,0.0
2024-02-29,0.55,0.5684597964547832,0.049045749207876826,0.55,0.55,0.55,0.55,0.5117804209644251,0.95,0.0611023139600437
2024-03-31,0.55,0.6466610536717846,0.08081577752905274,0.55,0.55,0.55,0.55,0.47747493517143613,0.0,0.0
2024-04-30,0.55,0.6171556270421269,-0.004802134861146777,0.55,0.55,0.55,0.55,0.48072756105577175,0.0,0.0
2024-05-31,0.55,0.615248234964125,-0.016452093543503164,0.55,0.55,0.55,0.55,0.42979074586400146,0.0,0.0
2024-06-30,0.55,0.6645521938886,-0.023792617469730434,0.55,0.55,0.55,0.55,0.3912949573396863,0.95,0.95
2024-07-31,0.55,0.771305690333491,0.04967161830629291,0.55,0.55,0.55,0.55,0.5219245490449685,0.95,0.95
2024-08-31,0.55,0.7151201252071135,0.061451554114736046,0.55,0.55,0.55,0.55,0.495324814179797,0.95,0.95
2024-09-30,0.55,0.6857794281196379,0.12067814087236811,0.55,0.55,0.55,0.55,0.437546833982034,0.0,0.0
2024-10-31,0.55,0.6835106929101586,0.12798745615478455,0.55,0.55,0.55,0.55,0.49705439835901516,0.95,0.7833392233573905
2024-11-30,0.55,0.7594312222014569,0.12113029002086034,0.55,0.55,0.55,0.55,0.478671746092479,0.0,0.0
2024-12-31,0.55,0.678621449619091,0.0001319636632441826,0.55,0.55,0.55,0.55,0.5786864872909876,0.0,0.0
2025-01-31,0.55,0.6363226836718386,-0.020516769604757245,0.55,0.55,0.55,0.55,0.5999766124935069,0.95,0.95
2025-02-28,0.55,0.5388445253832662,-0.010331183112689341,0.55,0.55,0.55,0.55,0.8402784588479338,0.0,0.0
2025-03-31,0.55,0.5292969921081634,0.011775082510461186,0.55,0.55,0.55,0.55,0.66155775770131,0.95,0.95
2025-04-30,0.55,0.4981933077742355,0.07904250313421123,0.55,0.55,0.55,0.55,0.6836645952218002,0.95,0.95
2025-05-31,0.55,0.5005349990698491,0.15230710038641526,0.55,0.55,0.55,0.55,0.6477283258823266,0.95,0.7398381841617674
2025-06-30,0.55,0.5049951154962949,0.1274130944887535,0.55,0.55,0.55,0.55,0.43952041617688764,0.95,0.20047608975637685
2025-07-31,0.55,0.5060793296431368,0.08605197327712179,0.55,0.55,0.55,0.55,0.43782836872983905,0.0,0.0
2025-08-31,0.55,0.5107629738024828,0.05716190400593159,0.55,0.55,0.55,0.55,0.37729559491050363,0.95,0.95
2025-09-30,0.55,0.49343874440253194,0.10430442317896196,0.55,0.55,0.55,0.55,0.5465306301964092,0.0,0.0
2025-10-31,0.55,0.49470936762512846,0.09805394125040366,0.55,0.55,0.55,0.55,0.5499110001280866,0.95,0.95
2025-11-30,0.55,0.49385446256119664,0.16056661093034993,0.55,0.55,0.55,0.55,0.5105668471697593,0.95,0.95
2025-12-31,0.55,0.5607230350632288,0.1552546868542551,0.55,0.55,0.55,0.55,0.4866127425566309,0.0,0.0
