year,decision_date,signal,equity_cap,alpha_strength,eligible_assets,selected_assets,net_return,turnover,cdi_return,neutral_mvo_return,neutral_mvo_assets
2015,2015-01-02,low_volatility,0.55,0.0,228,EUCA3|CAMB3|TEND3|SUZB3|PINE3,0.12661953214256255,1.0,0.13189971087900254,-0.08093909414637207,ABCB4|ABEV3|AELP3|AFLT3|AGRO3|ALOS3|ALPA3|ALPA4|AMAR3|ANIM3|AZEV3|AZEV4|AZZA3|B3SA3|BALM4|BAUH4|BBAS3|BBDC3|BBDC4|BBSE3|BEEF3|BGIP3|BGIP4|BIED3|BIOM3|BMEB3|BMIN3|BMIN4|BMKS3|BNBR3|BOBR4|BPHA3|BRAP3|BRAP4|BRKM3|BRKM6|BRPR3|BRSR3|BRSR5|BRSR6|BSLI3|BSLI4|CAMB3|CEDO3|CEDO4|CEEB3|CEED3|CEGR3|CGAS3|CGAS5|CGRA3|CGRA4|CLSC3|CLSC4|CMIG3|CMIG4|COGN3|CPFE3|CPLE3|CREM3|CRPG5|CSAN3|CSMG3|CSNA3|CSUD3|CTAX3|CTSA3|CTSA4|CVCB3|CYRE3|DASA3|DEXP3|DIRR3|DOHL4|DXCO3|EALT3|EALT4|ECOR3|ECPR3|ECPR4|EGIE3|EKTR3|EKTR4|ELPL4|EMAE4|ENEV3|ENGI3|ENGI4|ENMT3|EPAR3|EQMA3B|EQTL3|ETER3|EUCA3|EUCA4|EVEN3|EZTC3|FESA3|FHER3|FIBR3|FLRY3|FRAS3|FRIO3|GEPA3|GEPA4|GFSA3|GGBR3|GGBR4|GOAU3|GOAU4|GRND3|GSHP3|HBOR3|HOOT4|HYPE3|IGTI3|IMBI3|IMBI4|INEP3|ISAE3|ISAE4|ITSA3|ITSA4|ITUB3|ITUB4|JFEN3|JHSF3|JOPA3|KEPL3|KLBN3|KLBN4|LEVE3|LFFE3|LIGT3|LOGN3|LPSB3|LREN3|MDIA3|MEAL3|MGLU3|MILS3|MNDL3|MRSA3B|MRVE3|MULT3|MWET4|MYPK3|NATU3|NEXP3|NORD3|NUTR3|OGXP3|OIBR3|OIBR4|PCAR3|PDGR3|PDTC3|PEAB3|PEAB4|PETR3|PETR4|PFRM3|PINE3|PINE4|PLAS3|PNVL3|POMO3|POMO4|POSI3|PRML3|PSSA3|PTBL3|QUAL3|RADL3|RANI3|RAPT3|RAPT4|RCSL3|RENT3|RNEW3|RPAD3|RPAD5|RPAD6|RPMG3|RSID3|RSUL4|SANB3|SANB4|SAPR3|SBSP3|SCAR3|SEER3|SHOW3|SLCE3|SLED4|SMTO3|SNSY5|SOND5|SUZB3|SYNE3|TAEE3|TASA3|TASA4|TCSA3|TECN3|TEKA3|TEKA4|TELB3|TEND3|TERI3|TGMA3|TOTS3|TPIS3|UCAS3|UGPA3|UNIP3|UNIP5|USIM3|USIM5|VALE3|VIVR3|VIVT3|VLID3|VSTE3|WEGE3|WHRL3|WHRL4|YDUQ3
2016,2016-01-04,low_volatility,0.55,0.0,195,CAMB3|ECPR4|KLBN3|TEND3|SUZB3,0.14335888102394254,0.04986569346527367,0.13939289494699025,0.468333308375128,ABCB4|ABEV3|AFLT3|AGRO3|ALOS3|ALPA3|ALPA4|AMAR3|AMER3|ANIM3|AZEV4|AZZA3|B3SA3|BALM4|BAUH4|BBAS3|BBDC3|BBDC4|BBSE3|BEEF3|BGIP3|BGIP4|BIED3|BIOM3|BMIN3|BMKS3|BNBR3|BOBR4|BRKM3|BRPR3|BRSR5|BRSR6|BSLI3|BSLI4|CAMB3|CBEE3|CEDO3|CEEB3|CEGR3|CGAS3|CGAS5|CGRA3|CGRA4|CLSC3|CMIG3|CMIG4|COCE3|COGN3|CPFE3|CRPG6|CSAN3|CSMG3|CSNA3|CSUD3|CTSA3|CTSA4|CVCB3|CYRE3|DASA3|DOHL4|DXCO3|EALT3|ECOR3|ECPR3|ECPR4|EGIE3|EKTR3|EKTR4|ELPL4|EMAE4|ENGI3|ENGI4|ENMT3|ENMT4|EPAR3|EQMA3B|EQTL3|ETER3|EUCA4|EVEN3|EZTC3|FHER3|FIBR3|FLRY3|FRAS3|FRIO3|GEPA3|GEPA4|GFSA3|GGBR3|GGBR4|GRND3|GSHP3|HBOR3|HOOT4|HYPE3|IMBI3|IMBI4|INEP3|ISAE3|ISAE4|ITSA3|ITSA4|ITUB3|ITUB4|JFEN3|KEPL3|KLBN3|KLBN4|LEVE3|LFFE4|LIGT3|LPSB3|LREN3|MDIA3|MEAL3|MGEL4|MILS3|MNDL3|MRSA3B|MRVE3|MULT3|MWET4|MYPK3|NATU3|NEXP3|NORD3|OFSA3|OGXP3|OIBR3|OIBR4|PCAR3|PDGR3|PDTC3|PEAB3|PEAB4|PETR3|PETR4|PFRM3|PINE3|PINE4|PLAS3|PNVL3|POSI3|PSSA3|PTBL3|QUAL3|RADL3|RANI3|RAPT3|RAPT4|RENT3|RNEW3|RPAD3|RPAD5|RPAD6|RPMG3|RSID3|RSUL4|SANB3|SANB4|SBSP3|SCAR3|SEER3|SHOW3|SLCE3|SLED3|SLED4|SMTO3|SOND5|SUZB3|SYNE3|TAEE3|TASA3|TCSA3|TECN3|TELB4|TEND3|TGMA3|TOTS3|TPIS3|UCAS3|UGPA3|UNIP3|UNIP5|USIM5|VALE3|VIVT3|VLID3|VSTE3|VULC3|WEGE3|WHRL3|WHRL4|YDUQ3
2017,2017-01-02,low_volatility,0.55,0.0,212,RSUL4|TEND3|NORD3|SUZB3|PINE3,0.09296332074817193,0.06683104045753578,0.09869747716374411,0.8627759675422277,ABCB4|ABEV3|AFLT3|AGRO3|ALOS3|ALPA3|ALPA4|AMAR3|AMER3|ANIM3|AZEV3|AZEV4|AZZA3|B3SA3|BALM4|BAUH4|BBAS3|BBDC3|BBDC4|BBSE3|BEEF3|BEES3|BEES4|BGIP3|BGIP4|BHIA3|BIED3|BIOM3|BMEB3|BMEB4|BMIN3|BMKS3|BNBR3|BRAP3|BRAP4|BRKM3|BRKM6|BRPR3|BRSR3|BRSR6|BSLI3|BSLI4|CBEE3|CEDO3|CEDO4|CEEB3|CEED3|CEGR3|CGAS3|CGAS5|CGRA3|CGRA4|CLSC3|CLSC4|CMIG3|CMIG4|COCE3|COGN3|CPFE3|CPLE3|CRPG5|CRPG6|CSAN3|CSMG3|CSNA3|CSUD3|CTAX3|CTKA4|CTSA3|CTSA4|CVCB3|CYRE3|DASA3|DOHL4|DXCO3|EALT3|ECOR3|ECPR3|ECPR4|EGIE3|EKTR3|EKTR4|ELPL4|EMAE4|ENEV3|ENGI4|ENMT4|EPAR3|EQMA3B|EQPA3|EQPA7|EQTL3|ESTR4|ETER3|EUCA4|EVEN3|EZTC3|FESA3|FESA4|FIBR3|FLRY3|FRAS3|GEPA3|GEPA4|GFSA3|GGBR3|GGBR4|GOAU3|GOAU4|GRND3|GSHP3|HBOR3|HOOT4|HYPE3|ISAE3|ISAE4|ITSA3|ITSA4|ITUB3|ITUB4|JFEN3|JOPA3|KEPL3|KLBN4|LEVE3|LIGT3|LOGN3|LPSB3|LREN3|MDIA3|MEAL3|MGLU3|MILS3|MNDL3|MRSA3B|MRVE3|MTIG3|MULT3|MYPK3|NATU3|NEXP3|NORD3|OFSA3|OIBR4|OSXB3|PCAR3|PEAB3|PEAB4|PETR3|PETR4|PFRM3|PINE3|PINE4|PLAS3|PNVL3|POMO4|PSSA3|PTBL3|QUAL3|RADL3|RAIL3|RANI3|RAPT3|RAPT4|RCSL4|REDE3|RENT3|RNEW3|RPAD3|RPAD5|RPAD6|RPMG3|RSUL4|SANB3|SANB4|SAPR4|SBSP3|SCAR3|SEER3|SHOW3|SLCE3|SLED4|SMTO3|SOND5|SUZB3|SYNE3|TAEE3|TASA3|TASA4|TCSA3|TECN3|TEKA4|TEND3|TERI3|TGMA3|TOTS3|TPIS3|UCAS3|UGPA3|UNIP3|UNIP5|UNIP6|USIM3|VALE3|VIVT3|VLID3|VSTE3|WEGE3|WHRL3|WHRL4|WIZC3|YDUQ3
2018,2018-01-02,low_volatility,0.55,0.0,219,PINE3|IMBI4|MTIG3|SNSY3|TERI3,0.05723506388000286,0.08329121223506293,0.06393224883871307,0.47339074907018286,ABCB4|ABEV3|ADHM3|AFLT3|AGRO3|ALOS3|ALPA3|ALPA4|ALUP3|AMAR3|AMER3|ANIM3|AZEV3|AZEV4|AZZA3|B3SA3|BALM4|BAUH4|BBAS3|BBDC3|BBDC4|BBSE3|BEEF3|BEES3|BEES4|BGIP4|BHIA3|BIED3|BMEB4|BMKS3|BNBR3|BRAP3|BRAP4|BRKM3|BRKM6|BRPR3|BRSR6|BSLI3|BSLI4|CBEE3|CEDO4|CEEB3|CEED3|CEGR3|CGAS3|CGAS5|CGRA3|CGRA4|CLSC3|CLSC4|CMIG3|CMIG4|COCE3|COGN3|CPFE3|CPLE3|CSAN3|CSMG3|CSNA3|CSUD3|CTAX3|CTSA4|CVCB3|CYRE3|DASA3|DOHL4|DTCY3|DXCO3|EALT3|EALT4|ECOR3|ECPR3|ECPR4|EGIE3|EKTR3|EKTR4|EMAE4|ENEV3|ENGI3|ENGI4|ENMT3|ENMT4|EPAR3|EQMA3B|EQPA5|EQPA7|EQTL3|ESTR4|ETER3|EUCA4|EVEN3|EZTC3|FESA3|FESA4|FHER3|FICT3|FLRY3|FRAS3|FRIO3|GEPA3|GEPA4|GFSA3|GGBR3|GGBR4|GOAU3|GOAU4|GRND3|GSHP3|HBOR3|HOOT4|HYPE3|IMBI3|IMBI4|ISAE3|ISAE4|ITSA3|ITSA4|ITUB3|ITUB4|JHSF3|JOPA3|KEPL3|KLBN3|KLBN4|LEVE3|LIGT3|LOGN3|LPSB3|LREN3|LUPA3|MDIA3|MEAL3|MGLU3|MILS3|MNDL3|MRSA3B|MRVE3|MTIG3|MULT3|MWET4|MYPK3|NEXP3|OFSA3|OIBR3|OIBR4|OSXB3|PDGR3|PDTC3|PEAB3|PEAB4|PETR3|PETR4|PFRM3|PINE3|PINE4|PNVL3|POMO3|POMO4|POSI3|PRIO3|PSSA3|PTBL3|QUAL3|RADL3|RAIL3|RANI3|RAPT3|RAPT4|RCSL3|REDE3|RENT3|ROMI3|RPAD3|RPAD5|RPAD6|RPMG3|RSUL4|SANB3|SANB4|SAPR4|SBSP3|SCAR3|SEER3|SHOW3|SLCE3|SLED3|SLED4|SMTO3|SNSY3|SOND5|SUZB3|TAEE3|TCSA3|TECN3|TELB3|TELB4|TERI3|TGMA3|TOTS3|TPIS3|UCAS3|UGPA3|UNIP3|UNIP5|UNIP6|USIM3|USIM5|USIM6|VALE3|VIVR3|VIVT3|VLID3|VSTE3|VULC3|WEGE3|WHRL3|WHRL4|WIZC3|YDUQ3
2019,2019-01-02,low_volatility,0.55,0.0,236,LFFE3|IMBI4|MTIG3|SNSY3|PINE3,0.05326401115329328,0.029793514965707864,0.05933780936875066,0.3102824658042184,ABCB4|ABEV3|ADHM3|AFLT3|AGRO3|ALOS3|ALPA3|ALPA4|ALUP3|ALUP4|AMAR3|AMER3|ANIM3|AZZA3|B3SA3|BALM4|BAUH4|BBAS3|BBDC3|BBDC4|BBSE3|BEEF3|BEES3|BEES4|BGIP3|BGIP4|BHIA3|BIOM3|BMEB3|BMEB4|BMIN3|BMIN4|BMKS3|BNBR3|BOBR4|BPAC3|BRAP3|BRAP4|BRKM3|BRKM6|BRPR3|BRSR3|BRSR6|BSLI3|BSLI4|CAML3|CBEE3|CEDO3|CEDO4|CEEB3|CEED3|CEGR3|CGAS3|CGAS5|CGRA3|CGRA4|CLSC3|CLSC4|CMIG3|CMIG4|COCE3|COGN3|CPFE3|CPLE3|CRPG5|CRPG6|CSAN3|CSMG3|CSNA3|CSUD3|CTKA4|CVCB3|CYRE3|DASA3|DIRR3|DOHL4|DXCO3|EALT4|ECOR3|ECPR4|EGIE3|EKTR3|EKTR4|EMAE4|ENEV3|ENGI3|ENGI4|ENMT3|ENMT4|EQMA3B|EQTL3|ESTR4|ETER3|EUCA3|EUCA4|EVEN3|EZTC3|FESA3|FESA4|FHER3|FLRY3|FRAS3|FRIO3|GEPA3|GEPA4|GFSA3|GGBR3|GGBR4|GOAU3|GOAU4|GRND3|HBOR3|HOOT4|HYPE3|IMBI3|IMBI4|INEP4|IRBR3|ISAE3|ISAE4|ITSA3|ITSA4|ITUB3|ITUB4|JHSF3|JOPA3|KEPL3|KLBN3|KLBN4|LEVE3|LFFE3|LFFE4|LIGT3|LOGN3|LPSB3|LREN3|LUPA3|LUXM4|MDIA3|MEAL3|MGEL4|MGLU3|MILS3|MNDL3|MOVI3|MRSA3B|MRVE3|MTIG3|MULT3|MWET4|MYPK3|NATU3|NEXP3|OFSA3|OIBR3|OIBR4|PCAR3|PDTC3|PEAB3|PEAB4|PETR3|PETR4|PFRM3|PINE3|PINE4|PLAS3|PNVL3|POMO3|POMO4|POSI3|PRIO3|PSSA3|PTBL3|QUAL3|RADL3|RAIL3|RAPT3|RAPT4|RCSL4|REDE3|RENT3|ROMI3|RPAD3|RPAD5|RPAD6|RPMG3|RSID3|RSUL4|SANB3|SANB4|SAPR3|SAPR4|SBSP3|SCAR3|SEER3|SHOW3|SHUL4|SLCE3|SLED3|SLED4|SMTO3|SNSY3|SNSY5|SOND5|SUZB3|SYNE3|TAEE3|TAEE4|TCSA3|TECN3|TEKA3|TELB3|TEND3|TGMA3|TOTS3|TPIS3|TRIS3|TXRX4|UCAS3|UGPA3|UNIP3|UNIP5|UNIP6|USIM3|USIM5|USIM6|VALE3|VIVT3|VLID3|VSTE3|VULC3|WEGE3|WHRL3|WHRL4|WIZC3|YDUQ3
2020,2020-01-02,low_volatility,0.55,0.0,219,SNSY3|PINE3|MTIG3|CEEB3|BSLI3,0.6671266863786984,0.7680129312786117,0.02740258533525708,0.27078519272420826,ABCB4|ABEV3|AGRO3|ALOS3|ALPA3|ALPA4|ALUP3|ALUP4|AMAR3|AMER3|ANIM3|AZZA3|B3SA3|BALM4|BAUH4|BBAS3|BBDC3|BBDC4|BBSE3|BEEF3|BEES3|BEES4|BGIP3|BGIP4|BHIA3|BIED3|BIOM3|BMEB3|BMEB4|BMIN3|BMKS3|BNBR3|BOBR4|BRAP3|BRAP4|BRKM3|BRPR3|BRSR3|BRSR5|BRSR6|BSLI3|BSLI4|CAML3|CBEE3|CEEB3|CEED3|CGAS3|CGAS5|CGRA3|CGRA4|CLSC3|CLSC4|CMIG3|CMIG4|COCE3|COGN3|CPFE3|CPLE3|CRPG5|CRPG6|CSAN3|CSMG3|CSNA3|CSUD3|CTAX3|CTSA3|CTSA4|CVCB3|CYRE3|DEXP3|DIRR3|DOHL4|DXCO3|EALT4|ECOR3|ECPR3|ECPR4|EGIE3|EKTR3|EKTR4|EMAE4|ENEV3|ENGI3|ENGI4|ENMT3|ENMT4|EQMA3B|EQPA3|EQTL3|EUCA4|EVEN3|EZTC3|FESA3|FESA4|FICT3|FLRY3|FRAS3|FRIO3|GEPA3|GEPA4|GFSA3|GGBR3|GGBR4|GOAU3|GOAU4|GRND3|HAPV3|HBOR3|HOOT4|HYPE3|IGTI3|IRBR3|ISAE3|ISAE4|ITSA3|ITSA4|ITUB3|ITUB4|JHSF3|JOPA3|KEPL3|KLBN3|KLBN4|LEVE3|LIGT3|LOGG3|LOGN3|LPSB3|LREN3|LUPA3|LUXM4|MDIA3|MEAL3|MGEL4|MGLU3|MILS3|MNDL3|MOVI3|MRVE3|MTIG3|MULT3|MYPK3|NEXP3|OFSA3|OIBR3|OIBR4|PCAR3|PEAB3|PEAB4|PETR3|PETR4|PFRM3|PINE3|PINE4|PLAS3|PNVL3|POMO3|POMO4|POSI3|PRIO3|PSSA3|PTBL3|RADL3|RAIL3|RAPT3|RAPT4|RCSL3|RCSL4|REDE3|RENT3|ROMI3|RPAD5|RSID3|RSUL4|SANB3|SANB4|SAPR3|SAPR4|SBSP3|SCAR3|SEER3|SHOW3|SHUL4|SLCE3|SMTO3|SNSY3|SNSY5|SOND5|SUZB3|SYNE3|TAEE3|TAEE4|TCSA3|TECN3|TEKA4|TEND3|TGMA3|TOTS3|TPIS3|TRIS3|UCAS3|UGPA3|UNIP3|UNIP5|UNIP6|USIM3|USIM5|USIM6|VALE3|VBBR3|VIVT3|VLID3|VSTE3|VULC3|WEGE3|WHRL3|WHRL4|WIZC3|YDUQ3
2021,2021-01-04,low_volatility,0.55,0.0,228,MTIG3|PINE3|ECPR4|REDE3|CEEB3,-0.04261376554329122,0.6833037972015363,0.04415820920482871,0.29207347771339115,ABCB4|ABEV3|AGRO3|ALOS3|ALPA3|ALPA4|ALUP3|ALUP4|AMAR3|AMER3|ANIM3|AZEV4|AZZA3|B3SA3|BALM4|BAUH4|BBAS3|BBDC3|BBDC4|BBSE3|BEEF3|BEES3|BEES4|BGIP3|BGIP4|BHIA3|BIED3|BIOM3|BMEB3|BMEB4|BMGB4|BMIN4|BMKS3|BNBR3|BOBR4|BPAC3|BRAP3|BRAP4|BRKM3|BRKM6|BRPR3|BRSR3|BRSR5|BRSR6|CAMB3|CAML3|CBEE3|CEAB3|CEEB3|CEED3|CEGR3|CGAS5|CGRA3|CGRA4|CLSC3|CLSC4|CMIG3|CMIG4|COCE3|COGN3|CPFE3|CPLE3|CRPG5|CRPG6|CSAN3|CSMG3|CSNA3|CSUD3|CTAX3|CVCB3|CYRE3|DASA3|DEXP3|DIRR3|DOHL4|DXCO3|EALT4|ECOR3|ECPR3|ECPR4|EGIE3|EKTR3|EKTR4|EMAE4|ENEV3|ENGI3|ENGI4|ENMT3|ENMT4|EQMA3B|EQPA3|EQPA7|EQTL3|ESTR4|ETER3|EUCA4|EVEN3|EZTC3|FESA3|FESA4|FHER3|FLRY3|FRAS3|FRIO3|GEPA3|GEPA4|GFSA3|GGBR3|GGBR4|GOAU3|GOAU4|GRND3|GSHP3|HAPV3|HBOR3|HOOT4|HYPE3|IGTI3|INEP3|INEP4|IRBR3|ISAE3|ISAE4|ITSA3|ITSA4|ITUB3|ITUB4|JHSF3|JOPA3|KEPL3|KLBN3|KLBN4|LEVE3|LIGT3|LOGG3|LOGN3|LPSB3|LREN3|LUXM4|MDIA3|MEAL3|MGEL4|MGLU3|MILS3|MNDL3|MOVI3|MRVE3|MTIG3|MULT3|MYPK3|OFSA3|OIBR3|PCAR3|PDGR3|PDTC3|PEAB4|PETR3|PETR4|PFRM3|PINE3|PINE4|PLAS3|PNVL3|POMO3|POMO4|POSI3|PSSA3|PTBL3|QUAL3|RADL3|RAIL3|RAPT3|RAPT4|RCSL4|REDE3|RENT3|RNEW3|RNEW4|ROMI3|RPAD5|RPAD6|RPMG3|RSID3|RSUL4|SANB3|SANB4|SAPR3|SAPR4|SBFG3|SBSP3|SCAR3|SEER3|SHOW3|SHUL4|SLCE3|SMTO3|SOND5|SUZB3|SYNE3|TAEE3|TAEE4|TASA3|TASA4|TCSA3|TECN3|TEND3|TGMA3|TOTS3|TRIS3|UCAS3|UGPA3|UNIP3|UNIP5|UNIP6|USIM3|USIM5|USIM6|VALE3|VBBR3|VIVA3|VIVT3|VLID3|VULC3|WEGE3|WHRL3|WHRL4|WIZC3|YDUQ3
2022,2022-01-03,low_volatility,0.55,0.0,270,ADHM3|PINE3|MTIG3|EQPA6|LUXM4,0.09292604189397567,0.2598077000689917,0.12294915546054419,0.011463468493283486,ABCB4|ABEV3|ADHM3|AERI3|AFLT3|AGRO3|ALOS3|ALPA3|ALPA4|ALUP3|ALUP4|AMAR3|AMBP3|AMER3|ANIM3|AVLL3|AZEV3|AZEV4|AZZA3|B3SA3|BALM4|BAUH4|BBAS3|BBDC3|BBDC4|BBSE3|BEEF3|BEES3|BEES4|BGIP3|BGIP4|BHIA3|BIED3|BIOM3|BMEB3|BMEB4|BMGB4|BMIN3|BMIN4|BMKS3|BNBR3|BOBR4|BPAC3|BRAP3|BRAP4|BRAV3|BRKM3|BRKM6|BRPR3|BRSR3|BRSR5|BRSR6|BSLI3|BSLI4|CAMB3|CAML3|CASH3|CEAB3|CEDO3|CEDO4|CEEB3|CEED3|CGAS3|CGAS5|CGRA3|CGRA4|CLSC3|CLSC4|CMIG3|CMIG4|COCE3|COGN3|CPFE3|CPLE3|CRPG5|CRPG6|CSAN3|CSMG3|CSNA3|CSUD3|CTKA4|CTSA3|CURY3|CVCB3|CYRE3|DEXP3|DIRR3|DMVF3|DOHL4|DXCO3|EALT4|ECOR3|ECPR3|ECPR4|EGIE3|EKTR3|EKTR4|EMAE4|ENEV3|ENGI3|ENGI4|ENJU3|ENMT3|ENMT4|EPAR3|EQMA3B|EQPA3|EQPA6|EQTL3|ETER3|EUCA3|EUCA4|EVEN3|EZTC3|FESA3|FESA4|FLRY3|FRAS3|GEPA3|GEPA4|GFSA3|GGBR3|GGBR4|GMAT3|GOAU3|GOAU4|GRND3|GSHP3|HAPV3|HBOR3|HBSA3|HYPE3|IGTI3|INEP3|INEP4|IRBR3|ISAE3|ISAE4|ITSA3|ITSA4|ITUB3|ITUB4|JHSF3|JOPA3|JSLG3|KEPL3|KLBN3|KLBN4|LAVV3|LEVE3|LIGT3|LJQQ3|LOGG3|LOGN3|LPSB3|LREN3|LUXM4|LWSA3|MDIA3|MDNE3|MEAL3|MELK3|MGEL4|MGLU3|MILS3|MNDL3|MOVI3|MRVE3|MTIG3|MTRE3|MULT3|MWET4|MYPK3|NUTR3|OFSA3|OIBR3|OIBR4|PDTC3|PEAB3|PEAB4|PETR3|PETR4|PFRM3|PGMN3|PINE3|PINE4|PLPL3|PNVL3|POMO3|POMO4|POSI3|PRIO3|PRNR3|PSSA3|PTBL3|QUAL3|RADL3|RAIL3|RANI3|RAPT3|RAPT4|RCSL3|RCSL4|RDOR3|REDE3|RENT3|RNEW3|RNEW4|ROMI3|RPAD3|RPAD5|RPAD6|RSID3|RSUL4|SANB3|SANB4|SAPR3|SAPR4|SBFG3|SBSP3|SCAR3|SEER3|SEQL3|SHOW3|SHUL4|SIMH3|SLCE3|SLED3|SLED4|SMTO3|SNSY3|SNSY5|SOND5|SUZB3|SYNE3|TAEE3|TAEE4|TASA3|TASA4|TCSA3|TECN3|TEKA4|TELB3|TELB4|TEND3|TFCO4|TGMA3|TOTS3|TPIS3|TRIS3|TXRX4|UCAS3|UNIP3|UNIP5|UNIP6|USIM3|USIM5|USIM6|VALE3|VBBR3|VIVA3|VIVT3|VLID3|VSTE3|VULC3|WEGE3|WHRL3|WHRL4|WIZC3|YDUQ3
2023,2023-01-02,low_volatility,0.55,0.0,314,ADHM3|PINE3|COCE3|ECPR4|EQPA6,0.1407795275262034,0.20299885060764744,0.129326575852571,0.26571767984822564,ABCB4|ABEV3|ADHM3|AERI3|AFLT3|AGRO3|AGXY3|ALLD3|ALOS3|ALPA3|ALPA4|ALUP3|ALUP4|AMAR3|AMBP3|AMER3|ANIM3|ARML3|ASAI3|AVLL3|AZEV3|AZEV4|AZZA3|B3SA3|BALM4|BAUH4|BBAS3|BBDC3|BBDC4|BBSE3|BEEF3|BEES3|BEES4|BGIP3|BGIP4|BHIA3|BIED3|BIOM3|BLAU3|BMEB3|BMEB4|BMGB4|BMIN3|BMIN4|BMKS3|BMOB3|BNBR3|BOBR4|BPAC3|BRAP3|BRAP4|BRAV3|BRKM3|BRKM6|BRPR3|BRSR3|BRSR5|BRSR6|BSLI3|CAMB3|CAML3|CASH3|CBAV3|CBEE3|CEAB3|CEDO3|CEDO4|CEEB3|CEED3|CGAS3|CGAS5|CGRA3|CGRA4|CLSC3|CLSC4|CMIG3|CMIG4|CMIN3|COCE3|COGN3|CPFE3|CPLE3|CSAN3|CSED3|CSMG3|CSNA3|CSUD3|CTKA4|CTSA3|CTSA4|CURY3|CVCB3|CXSE3|CYRE3|DASA3|DESK3|DEXP3|DIRR3|DMVF3|DOHL4|DOTZ3|DTCY3|DXCO3|EALT3|EALT4|ECOR3|ECPR3|ECPR4|EGIE3|EKTR3|EKTR4|EMAE4|ENEV3|ENGI3|ENGI4|ENMT3|ENMT4|EPAR3|EQMA3B|EQPA3|EQPA5|EQPA6|EQPA7|EQTL3|ESPA3|ESTR4|ETER3|EUCA3|EUCA4|EVEN3|EZTC3|FESA3|FESA4|FHER3|FICT3|FIQE3|FLRY3|FRAS3|FRIO3|GEPA3|GEPA4|GFSA3|GGBR3|GGBR4|GGPS3|GMAT3|GOAU3|GOAU4|GRND3|GSHP3|HAPV3|HBOR3|HBRE3|HBSA3|HOOT4|HYPE3|IFCM3|IGTI3|INEP4|INTB3|IRBR3|ISAE3|ISAE4|ITSA3|ITSA4|ITUB3|ITUB4|JALL3|JFEN3|JHSF3|JOPA3|JSLG3|KEPL3|KLBN3|KLBN4|LAND3|LAVV3|LEVE3|LIGT3|LJQQ3|LOGG3|LOGN3|LPSB3|LREN3|LUPA3|LUXM4|LWSA3|MATD3|MDIA3|MDNE3|MEAL3|MELK3|MGEL4|MGLU3|MILS3|MLAS3|MNDL3|MOVI3|MRSA3B|MRVE3|MTRE3|MULT3|MYPK3|NEXP3|NUTR3|OFSA3|OIBR3|ONCO3|OPCT3|ORVR3|OSXB3|PCAR3|PDTC3|PEAB3|PEAB4|PETR3|PETR4|PFRM3|PGMN3|PINE3|PINE4|PLAS3|PLPL3|PNVL3|POMO3|POMO4|POSI3|PRIO3|PRNR3|PSSA3|PTBL3|QUAL3|RADL3|RAIL3|RAIZ4|RANI3|RAPT3|RAPT4|RCSL4|RDOR3|RECV3|REDE3|RENT3|RNEW3|RNEW4|ROMI3|RPAD3|RPAD5|RPAD6|RPMG3|RSID3|RSUL4|SANB3|SANB4|SAPR3|SAPR4|SBFG3|SBSP3|SCAR3|SEER3|SEQL3|SHOW3|SHUL4|SIMH3|SLCE3|SMFT3|SMTO3|SNSY3|SNSY5|SOJA3|SOND5|SUZB3|SYNE3|TAEE3|TAEE4|TASA3|TASA4|TCSA3|TECN3|TEKA4|TELB4|TEND3|TFCO4|TGMA3|TOTS3|TPIS3|TRIS3|TTEN3|TXRX4|UCAS3|UGPA3|UNIP3|UNIP5|UNIP6|USIM3|USIM5|USIM6|VALE3|VAMO3|VBBR3|VITT3|VIVA3|VIVR3|VIVT3|VLID3|VSTE3|VULC3|VVEO3|WEGE3|WEST3|WHRL3|WHRL4|WIZC3|YDUQ3
2024,2024-01-02,low_volatility,0.55,0.0,302,TEKA3|ADHM3|ECPR4|CEGR3|EQPA6,0.1562814345081807,0.06657864891473528,0.10777090353467633,0.08413648074703539,ABCB4|ABEV3|ADHM3|AERI3|AFLT3|AGRO3|AGXY3|ALLD3|ALOS3|ALPA3|ALPA4|ALUP3|ALUP4|AMAR3|AMBP3|ANIM3|ARML3|ASAI3|AURE3|AVLL3|AZEV3|AZEV4|AZZA3|B3SA3|BALM4|BAUH4|BBAS3|BBDC3|BBDC4|BBSE3|BEEF3|BEES3|BEES4|BGIP3|BIOM3|BLAU3|BMEB3|BMEB4|BMGB4|BMIN3|BMIN4|BMKS3|BMOB3|BNBR3|BOBR4|BPAC3|BRAP3|BRAP4|BRAV3|BRKM3|BRKM6|BRSR3|BRSR5|BRSR6|BSLI3|BSLI4|CAMB3|CAML3|CASH3|CBAV3|CBEE3|CEAB3|CEDO4|CEEB3|CEGR3|CGAS3|CGAS5|CGRA3|CGRA4|CLSC3|CLSC4|CMIG3|CMIG4|CMIN3|COCE3|COGN3|CPFE3|CPLE3|CRPG5|CRPG6|CSAN3|CSED3|CSMG3|CSNA3|CSUD3|CTKA4|CURY3|CVCB3|CXSE3|CYRE3|DASA3|DESK3|DEXP3|DIRR3|DMVF3|DOHL4|DTCY3|DXCO3|EALT3|EALT4|ECOR3|ECPR3|ECPR4|EGIE3|EKTR3|EKTR4|EMAE4|ENEV3|ENGI3|ENGI4|ENJU3|ENMT3|ENMT4|EPAR3|EQMA3B|EQPA3|EQPA5|EQPA6|EQPA7|EQTL3|ESPA3|ESTR4|ETER3|EUCA3|EUCA4|EVEN3|EZTC3|FESA3|FESA4|FHER3|FICT3|FIQE3|FLRY3|FRAS3|GEPA3|GEPA4|GGBR3|GGBR4|GGPS3|GMAT3|GOAU3|GOAU4|GRND3|GSHP3|HAPV3|HBOR3|HBRE3|HBSA3|HYPE3|IFCM3|IGTI3|INEP3|INEP4|INTB3|IRBR3|ISAE3|ISAE4|ITSA3|ITSA4|ITUB3|ITUB4|JALL3|JHSF3|JOPA3|JSLG3|KEPL3|KLBN3|KLBN4|LAND3|LAVV3|LEVE3|LIGT3|LJQQ3|LOGG3|LOGN3|LPSB3|LREN3|LUPA3|LUXM4|LWSA3|MATD3|MDIA3|MDNE3|MEAL3|MELK3|MGEL4|MGLU3|MILS3|MNDL3|MNPR3|MOVI3|MRSA3B|MRVE3|MTRE3|MULT3|MWET4|MYPK3|OFSA3|OIBR3|OIBR4|ONCO3|OPCT3|ORVR3|OSXB3|PDTC3|PEAB3|PETR3|PETR4|PFRM3|PGMN3|PINE4|PLAS3|PLPL3|PNVL3|POMO3|POMO4|POSI3|PRIO3|PRNR3|PSSA3|PTBL3|QUAL3|RADL3|RAIL3|RAIZ4|RANI3|RAPT3|RAPT4|RDOR3|RECV3|RENT3|RNEW3|RNEW4|ROMI3|RPAD3|RPAD5|RPAD6|RPMG3|RSID3|RSUL4|SANB3|SANB4|SAPR3|SAPR4|SBFG3|SBSP3|SCAR3|SEER3|SEQL3|SHOW3|SHUL4|SIMH3|SLCE3|SLED3|SMFT3|SMTO3|SNSY3|SNSY5|SOJA3|SOND5|SUZB3|SYNE3|TAEE3|TAEE4|TASA3|TASA4|TCSA3|TECN3|TEKA3|TEKA4|TEND3|TFCO4|TGMA3|TOTS3|TPIS3|TRIS3|TTEN3|UCAS3|UGPA3|UNIP3|UNIP5|UNIP6|USIM3|USIM5|USIM6|VALE3|VAMO3|VBBR3|VITT3|VIVA3|VIVR3|VIVT3|VLID3|VSTE3|VULC3|VVEO3|WEGE3|WEST3|WHRL3|WHRL4|WIZC3|YDUQ3
2025,2025-01-02,low_volatility,0.55,0.0,290,BAUH4|TAEE4|BBSE3|BEES3|BBAS3,0.14427233423250788,0.4112873922498418,0.14209253474057104,0.19592153338362975,ABCB4|ABEV3|AFLT3|AGRO3|ALLD3|ALOS3|ALPA3|ALPA4|ALUP3|ALUP4|AMAR3|ANIM3|ARML3|ASAI3|AURE3|AVLL3|AZEV3|AZEV4|AZZA3|B3SA3|BALM4|BAUH4|BBAS3|BBDC3|BBDC4|BBSE3|BEEF3|BEES3|BEES4|BGIP3|BGIP4|BHIA3|BIED3|BLAU3|BMEB3|BMEB4|BMGB4|BMKS3|BMOB3|BNBR3|BOBR4|BPAC3|BRAP3|BRAP4|BRAV3|BRKM3|BRKM6|BRSR3|BRSR5|BRSR6|BSLI3|CAMB3|CAML3|CBAV3|CEAB3|CEDO3|CEDO4|CEEB3|CEED3|CEGR3|CGAS3|CGAS5|CGRA3|CGRA4|CLSC3|CLSC4|CMIG3|CMIG4|CMIN3|COCE3|CPFE3|CPLE3|CRPG5|CRPG6|CSAN3|CSED3|CSMG3|CSNA3|CSUD3|CTAX3|CTKA4|CTSA3|CURY3|CVCB3|CXSE3|CYRE3|DASA3|DESK3|DEXP3|DIRR3|DMVF3|DOHL4|DOTZ3|DTCY3|DXCO3|EALT3|EALT4|ECOR3|EGIE3|EKTR3|EKTR4|EMAE4|ENEV3|ENGI3|ENGI4|ENMT3|ENMT4|EPAR3|EQMA3B|EQPA3|EQPA5|EQPA6|EQPA7|EQTL3|ESPA3|ETER3|EUCA3|EUCA4|EVEN3|EZTC3|FESA3|FESA4|FIQE3|FLRY3|FRAS3|GEPA3|GEPA4|GFSA3|GGBR3|GGBR4|GGPS3|GMAT3|GOAU3|GOAU4|GRND3|GSHP3|HAPV3|HBOR3|HBRE3|HBSA3|HOOT4|HYPE3|IFCM3|IGTI3|IGTI4|INEP3|INTB3|IRBR3|ISAE3|ISAE4|ITSA3|ITSA4|ITUB3|ITUB4|JALL3|JHSF3|JOPA3|JSLG3|KEPL3|KLBN3|KLBN4|LAND3|LAVV3|LEVE3|LIGT3|LJQQ3|LOGG3|LOGN3|LPSB3|LREN3|LUPA3|LUXM4|LWSA3|MATD3|MDIA3|MDNE3|MELK3|MGEL4|MGLU3|MILS3|MLAS3|MNDL3|MNPR3|MOVI3|MRSA3B|MRVE3|MTRE3|MULT3|MWET4|MYPK3|NEXP3|OFSA3|ONCO3|OPCT3|ORVR3|PCAR3|PDTC3|PEAB3|PEAB4|PETR3|PETR4|PFRM3|PGMN3|PINE4|PLPL3|PNVL3|POMO3|POMO4|POSI3|PRIO3|PRNR3|PSSA3|PTBL3|QUAL3|RADL3|RAIL3|RAIZ4|RANI3|RAPT3|RAPT4|RDOR3|RECV3|REDE3|RENT3|RNEW3|RNEW4|ROMI3|RPAD3|RPAD5|RPAD6|RPMG3|RSID3|RSUL4|SANB3|SANB4|SAPR3|SAPR4|SBFG3|SBSP3|SCAR3|SEER3|SHOW3|SHUL4|SIMH3|SLCE3|SMFT3|SMTO3|SNSY5|SOJA3|SOND5|SUZB3|TAEE3|TAEE4|TASA3|TASA4|TCSA3|TECN3|TELB3|TELB4|TEND3|TFCO4|TGMA3|TOTS3|TPIS3|TRIS3|TTEN3|UCAS3|UGPA3|UNIP3|UNIP5|UNIP6|USIM3|USIM5|VALE3|VAMO3|VBBR3|VITT3|VIVA3|VIVR3|VIVT3|VLID3|VSTE3|VULC3|VVEO3|WEGE3|WEST3|WHRL3|WHRL4|WIZC3|YDUQ3
