ticker,isin,issuer_name,asset_class,cnpj_cia,cvm_name,cvm_sector,match_method,confidence,mapping_status,source,universe_year,decision_date
ABCB4.SA,BRABCBACNPR4,ABC BRASIL,equity,28.195.667/0001-06,BANCO ABC BRASIL S/A,Bancos,official_b3_isin_cnpj,1.0,accepted,B3 COTAHIST official annual file; last trading session 2012-01-02; 60-session average traded value,2012,2012-01-02
ABRE11.SA,BRABRECDAM15,ABRIL EDUCA,equity,02.541.982/0001-54,SOMOS EDUCAÇÃO S.A.,Gráficas e Editoras,unique_cotahist_prefix,0.97,accepted,B3 COTAHIST official annual file; last trading session 2012-01-02; 60-session average traded value,2012,2012-01-02
AEDU3.SA,BRAEDUACNOR9,ANHANGUERA,equity,04.310.392/0001-46,ANHANGUERA EDUCACIONAL PARTICIPAÇÕES S.A.,Emp. Adm. Part. - Educação,official_b3_isin_cnpj,1.0,accepted,B3 COTAHIST official annual file; last trading session 2012-01-02; 60-session average traded value,2012,2012-01-02
AELP3.SA,BRAELPACNOR2,AES ELPA,equity,01.917.705/0001-30,AES ELPA SA,Emp. Adm. Part. - Energia Elétrica,official_b3_isin_cnpj,1.0,accepted,B3 COTAHIST official annual file; last trading session 2012-01-02; 60-session average traded value,2012,2012-01-02
AFLT3.SA,BRAFLTACNOR1,AFLUENTE T,equity,10.338.320/0001-00,AFLUENTE TRANSMISSÃO DE ENERGIA ELETRICA S/A,Energia Elétrica,official_b3_isin_cnpj,1.0,accepted,B3 COTAHIST official annual file; last trading session 2012-01-02; 60-session average traded value,2012,2012-01-02
AGRO3.SA,BRAGROACNOR7,BRASILAGRO,equity,07.628.528/0001-59,BRASILAGRO CIA BRAS DE PROP AGRICOLAS,"Agricultura (Açúcar, Álcool e Cana)",official_b3_isin_cnpj,1.0,accepted,B3 COTAHIST official annual file; last trading session 2012-01-02; 60-session average traded value,2012,2012-01-02
ALLL3.SA,BRALLLACNOR6,ALL AMER LAT,equity,01.258.944/0001-26,RUMO MALHA SUL S.A.,Serviços Transporte e Logística,official_b3_issuer_unique_prefix,0.99,accepted,B3 COTAHIST official annual file; last trading session 2012-01-02; 60-session average traded value,2012,2012-01-02
ALPA4.SA,BRALPAACNPR7,ALPARGATAS,equity,61.079.117/0001-05,ALPARGATAS SA,Têxtil e Vestuário,official_b3_isin_cnpj,1.0,accepted,B3 COTAHIST official annual file; last trading session 2012-01-02; 60-session average traded value,2012,2012-01-02
ALSC3.SA,BRALSCACNOR0,ALIANSCE,equity,06.082.980/0001-03,ALIANSCE SHOPPING CENTERS S/A,Emp. Adm. Part. - Comércio (Atacado e Varejo),official_b3_isin_cnpj,1.0,accepted,B3 COTAHIST official annual file; last trading session 2012-01-02; 60-session average traded value,2012,2012-01-02
AMAR3.SA,BRAMARACNOR4,LOJAS MARISA,equity,61.189.288/0001-89,MARISA LOJAS SA,Comércio (Atacado e Varejo),official_b3_isin_cnpj,1.0,accepted,B3 COTAHIST official annual file; last trading session 2012-01-02; 60-session average traded value,2012,2012-01-02
AMBV3.SA,BRAMBVACNOR4,AMBEV,equity,02.808.708/0001-07,COMPANHIA DE BEBIDAS DAS AMÉRICAS-AMBEV,Bebidas e Fumo,official_b3_isin_cnpj,1.0,accepted,B3 COTAHIST official annual file; last trading session 2012-01-02; 60-session average traded value,2012,2012-01-02
AMBV4.SA,BRAMBVACNPR1,AMBEV,equity,02.808.708/0001-07,COMPANHIA DE BEBIDAS DAS AMÉRICAS-AMBEV,Bebidas e Fumo,official_b3_isin_cnpj,1.0,accepted,B3 COTAHIST official annual file; last trading session 2012-01-02; 60-session average traded value,2012,2012-01-02
AMIL3.SA,BRAMILACNOR0,AMIL,equity,36.461.242/0001-20,AMIL PARTICIPAÇÕES S/A,Serviços Médicos,official_b3_isin_cnpj,1.0,accepted,B3 COTAHIST official annual file; last trading session 2012-01-02; 60-session average traded value,2012,2012-01-02
ARZZ3.SA,BRARZZACNOR3,AREZZO CO,equity,,,,no_deterministic_cnpj_match,0.0,review_required,B3 COTAHIST official annual file; last trading session 2012-01-02; 60-session average traded value,2012,2012-01-02
AUTM3.SA,BRAUTMACNOR8,AUTOMETAL,equity,59.104.513/0001-95,AUTOMETAL S/A,"Máquinas, Equipamentos, Veículos e Peças",official_b3_isin_cnpj,1.0,accepted,B3 COTAHIST official annual file; last trading session 2012-01-02; 60-session average traded value,2012,2012-01-02
BAUH4.SA,BRBAUHACNPR3,EXCELSIOR,equity,95.426.862/0001-97,EXCELSIOR ALIMENTOS SA.,Alimentos,official_b3_isin_cnpj,1.0,accepted,B3 COTAHIST official annual file; last trading session 2012-01-02; 60-session average traded value,2012,2012-01-02
BAZA3.SA,BRBAZAACNOR0,AMAZONIA,equity,04.902.979/0001-44,BANCO DA AMAZÔNIA S.A.,Bancos,official_b3_isin_cnpj,1.0,accepted,B3 COTAHIST official annual file; last trading session 2012-01-02; 60-session average traded value,2012,2012-01-02
BBAS3.SA,BRBBASACNOR3,BRASIL,equity,00.000.000/0001-91,BANCO DO BRASIL S.A.,Bancos,official_b3_isin_cnpj,1.0,accepted,B3 COTAHIST official annual file; last trading session 2012-01-02; 60-session average traded value,2012,2012-01-02
BBDC3.SA,BRBBDCACNOR1,BRADESCO,equity,60.746.948/0001-12,BANCO BRADESCO S.A.,Bancos,official_b3_isin_cnpj,1.0,accepted,B3 COTAHIST official annual file; last trading session 2012-01-02; 60-session average traded value,2012,2012-01-02
BBDC4.SA,BRBBDCACNPR8,BRADESCO,equity,60.746.948/0001-12,BANCO BRADESCO S.A.,Bancos,official_b3_isin_cnpj,1.0,accepted,B3 COTAHIST official annual file; last trading session 2012-01-02; 60-session average traded value,2012,2012-01-02
BBRK3.SA,BRBBRKACNOR4,BR BROKERS,equity,,,,no_deterministic_cnpj_match,0.0,review_required,B3 COTAHIST official annual file; last trading session 2012-01-02; 60-session average traded value,2012,2012-01-02
BDLL4.SA,BRBDLLACNPR8,BARDELLA,equity,60.851.615/0001-53,BARDELLA S.A. INDUSTRIAS MECANICAS - EM RECUPERAÇÃO JUDICIAL,"Máquinas, Equipamentos, Veículos e Peças",official_b3_isin_cnpj,1.0,accepted,B3 COTAHIST official annual file; last trading session 2012-01-02; 60-session average traded value,2012,2012-01-02
BEEF3.SA,BRBEEFACNOR6,MINERVA,equity,67.620.377/0001-14,MINERVA S/A,Alimentos,official_b3_isin_cnpj,1.0,accepted,B3 COTAHIST official annual file; last trading session 2012-01-02; 60-session average traded value,2012,2012-01-02
BEES3.SA,BRBEESACNOR9,BANESTES,equity,28.127.603/0001-78,BANESTES SA BANCO DO ESTADO DO ESPIRITO SANTO,Bancos,official_b3_isin_cnpj,1.0,accepted,B3 COTAHIST official annual file; last trading session 2012-01-02; 60-session average traded value,2012,2012-01-02
BEES4.SA,BRBEESACNPR6,BANESTES,equity,28.127.603/0001-78,BANESTES SA BANCO DO ESTADO DO ESPIRITO SANTO,Bancos,official_b3_isin_cnpj,1.0,accepted,B3 COTAHIST official annual file; last trading session 2012-01-02; 60-session average traded value,2012,2012-01-02
BEMA3.SA,BRBEMAACNOR0,BEMATECH,equity,82.373.077/0001-71,BEMATECH  S/A,Comunicação e Informática,official_b3_isin_cnpj,1.0,accepted,B3 COTAHIST official annual file; last trading session 2012-01-02; 60-session average traded value,2012,2012-01-02
BHGR3.SA,BRBHGRACNOR9,BHG,equity,08.723.106/0001-25,BHG S.A. - BRAZIL HOSPITALITY GROUP,Emp. Adm. Part. - Hospedagem e Turismo,official_b3_isin_cnpj,1.0,accepted,B3 COTAHIST official annual file; last trading session 2012-01-02; 60-session average traded value,2012,2012-01-02
BICB4.SA,BRBICBACNPR7,BICBANCO,equity,07.450.604/0001-89,BANK OF CHINA (BRASIL) BANCO MÚLTIPLO S.A.,Bancos,official_b3_isin_cnpj,1.0,accepted,B3 COTAHIST official annual file; last trading session 2012-01-02; 60-session average traded value,2012,2012-01-02
BISA3.SA,BRBISAACNOR8,BROOKFIELD,equity,58.877.812/0001-08,BROOKFIELD SÃO PAULO EMPREENDIMENTOS IMOBILIÁRIOS S.A.,"Emp. Adm. Part. - Const. Civil, Mat. Const. e Decoração",official_b3_issuer_unique_prefix,0.99,accepted,B3 COTAHIST official annual file; last trading session 2012-01-02; 60-session average traded value,2012,2012-01-02
BMEB4.SA,BRBMEBACNPR5,MERC BRASIL,equity,17.184.037/0001-10,BANCO MERCANTIL BRASIL SA,Bancos,official_b3_isin_cnpj,1.0,accepted,B3 COTAHIST official annual file; last trading session 2012-01-02; 60-session average traded value,2012,2012-01-02
BMIN4.SA,BRBMINACNPR1,MERC INVEST,equity,34.169.557/0001-72,BANCO MERCANTIL DE INVESTIMENTOS S.A.,Bancos,official_b3_isin_cnpj,1.0,accepted,B3 COTAHIST official annual file; last trading session 2012-01-02; 60-session average traded value,2012,2012-01-02
BMTO4.SA,BRBMTOACNPR6,BRASMOTOR,equity,61.084.984/0001-20,BRASMOTOR SA,"Máquinas, Equipamentos, Veículos e Peças",official_b3_isin_cnpj,1.0,accepted,B3 COTAHIST official annual file; last trading session 2012-01-02; 60-session average traded value,2012,2012-01-02
BNBR4.SA,BRBNBRACNPR5,NORD BRASIL,equity,07.237.373/0001-20,BANCO DO NORDESTE DO BRASIL SA,Bancos,official_b3_isin_cnpj,1.0,accepted,B3 COTAHIST official annual file; last trading session 2012-01-02; 60-session average traded value,2012,2012-01-02
BPHA3.SA,BRBPHAACNOR6,BR PHARMA,equity,11.395.624/0001-71,MASSA FALIDA DA BRASIL PHARMA SA,Farmacêutico e Higiene,official_b3_isin_cnpj,1.0,accepted,B3 COTAHIST official annual file; last trading session 2012-01-02; 60-session average traded value,2012,2012-01-02
BPNM4.SA,BRBPNMACNPR6,PANAMERICANO,equity,02.682.287/0001-02,"PAN FINANCEIRA S.A. - CRÉDITO, FINANCIAMENTO E INVESTIMENTO",Arrendamento Mercantil,official_b3_issuer_unique_prefix,0.99,accepted,B3 COTAHIST official annual file; last trading session 2012-01-02; 60-session average traded value,2012,2012-01-02
BRAP3.SA,BRBRAPACNOR5,BRADESPAR,equity,03.847.461/0001-92,BRADESPAR S/A,Emp. Adm. Part. - Extração Mineral,official_b3_isin_cnpj,1.0,accepted,B3 COTAHIST official annual file; last trading session 2012-01-02; 60-session average traded value,2012,2012-01-02
BRAP4.SA,BRBRAPACNPR2,BRADESPAR,equity,03.847.461/0001-92,BRADESPAR S/A,Emp. Adm. Part. - Extração Mineral,official_b3_isin_cnpj,1.0,accepted,B3 COTAHIST official annual file; last trading session 2012-01-02; 60-session average traded value,2012,2012-01-02
BRFS3.SA,BRBRFSACNOR8,BRF FOODS,equity,01.838.723/0001-27,BRF S.A.,Emp. Adm. Part. - Alimentos,official_b3_isin_cnpj,1.0,accepted,B3 COTAHIST official annual file; last trading session 2012-01-02; 60-session average traded value,2012,2012-01-02
BRGE3.SA,BRBRGEACNOR6,ALFA CONSORC,equity,17.193.806/0001-46,CONSORCIO ALFA DE ADMINISTRACAO S.A,Emp. Adm. Part. - Intermediação Financeira,official_b3_isin_cnpj,1.0,accepted,B3 COTAHIST official annual file; last trading session 2012-01-02; 60-session average traded value,2012,2012-01-02
BRIN3.SA,BRBRINACNOR3,BR INSURANCE,equity,11.721.921/0001-60,ALPER CONSULTORIA E CORRETORA DE SEGUROS S.A.,Emp. Adm. Part. - Seguradoras e Corretoras,unique_cotahist_prefix,0.97,accepted,B3 COTAHIST official annual file; last trading session 2012-01-02; 60-session average traded value,2012,2012-01-02
BRIV3.SA,BRBRIVACNOR6,ALFA INVEST,equity,60.770.336/0001-65,BANCO ALFA DE INVESTIMENTO S.A.,Bancos,official_b3_isin_cnpj,1.0,accepted,B3 COTAHIST official annual file; last trading session 2012-01-02; 60-session average traded value,2012,2012-01-02
BRIV4.SA,BRBRIVACNPR3,ALFA INVEST,equity,60.770.336/0001-65,BANCO ALFA DE INVESTIMENTO S.A.,Bancos,official_b3_isin_cnpj,1.0,accepted,B3 COTAHIST official annual file; last trading session 2012-01-02; 60-session average traded value,2012,2012-01-02
BRKM3.SA,BRBRKMACNOR1,BRASKEM,equity,42.150.391/0001-70,BRASKEM S.A.,Petroquímicos e Borracha,official_b3_isin_cnpj,1.0,accepted,B3 COTAHIST official annual file; last trading session 2012-01-02; 60-session average traded value,2012,2012-01-02
BRKM5.SA,BRBRKMACNPA4,BRASKEM,equity,42.150.391/0001-70,BRASKEM S.A.,Petroquímicos e Borracha,official_b3_isin_cnpj,1.0,accepted,B3 COTAHIST official annual file; last trading session 2012-01-02; 60-session average traded value,2012,2012-01-02
BRML3.SA,BRBRMLACNOR9,BR MALLS PAR,equity,06.977.745/0001-91,BR MALLS PARTICIPAÇOES S.A.,Emp. Adm. Part. - Comércio (Atacado e Varejo),official_b3_isin_cnpj,1.0,accepted,B3 COTAHIST official annual file; last trading session 2012-01-02; 60-session average traded value,2012,2012-01-02
BRPR3.SA,BRBRPRACNOR9,BR PROPERT,equity,06.977.751/0001-49,BR PROPERTIES S.A.,Emp. Adm. Part. - Sem Setor Principal,official_b3_isin_cnpj,1.0,accepted,B3 COTAHIST official annual file; last trading session 2012-01-02; 60-session average traded value,2012,2012-01-02
BRSR5.SA,BRBRSRACNPA6,BANRISUL,equity,92.702.067/0001-96,BANCO DO ESTADO DO RIO GRANDE DO SUL SA,Bancos,official_b3_isin_cnpj,1.0,accepted,B3 COTAHIST official annual file; last trading session 2012-01-02; 60-session average traded value,2012,2012-01-02
BRSR6.SA,BRBRSRACNPB4,BANRISUL,equity,92.702.067/0001-96,BANCO DO ESTADO DO RIO GRANDE DO SUL SA,Bancos,official_b3_isin_cnpj,1.0,accepted,B3 COTAHIST official annual file; last trading session 2012-01-02; 60-session average traded value,2012,2012-01-02
BRTO3.SA,BRBRTOACNOR8,BRASIL TELEC,equity,,,,no_deterministic_cnpj_match,0.0,review_required,B3 COTAHIST official annual file; last trading session 2012-01-02; 60-session average traded value,2012,2012-01-02
BRTO4.SA,BRBRTOACNPR5,BRASIL TELEC,equity,,,,no_deterministic_cnpj_match,0.0,review_required,B3 COTAHIST official annual file; last trading session 2012-01-02; 60-session average traded value,2012,2012-01-02
BSLI3.SA,BRBSLIACNOR5,BRB BANCO,equity,00.000.208/0001-00,BRB BANCO DE BRASILIA SA,Bancos,official_b3_isin_cnpj,1.0,accepted,B3 COTAHIST official annual file; last trading session 2012-01-02; 60-session average traded value,2012,2012-01-02
BSLI4.SA,BRBSLIACNPR2,BRB BANCO,equity,00.000.208/0001-00,BRB BANCO DE BRASILIA SA,Bancos,official_b3_isin_cnpj,1.0,accepted,B3 COTAHIST official annual file; last trading session 2012-01-02; 60-session average traded value,2012,2012-01-02
BTOW3.SA,BRBTOWACNOR8,B2W VAREJO,equity,,,,no_deterministic_cnpj_match,0.0,review_required,B3 COTAHIST official annual file; last trading session 2012-01-02; 60-session average traded value,2012,2012-01-02
BTTL4.SA,BRBTTLACNPR7,BATTISTELLA,equity,,,,no_deterministic_cnpj_match,0.0,review_required,B3 COTAHIST official annual file; last trading session 2012-01-02; 60-session average traded value,2012,2012-01-02
BVMF3.SA,BRBVMFACNOR3,BMFBOVESPA,equity,,,,no_deterministic_cnpj_match,0.0,review_required,B3 COTAHIST official annual file; last trading session 2012-01-02; 60-session average traded value,2012,2012-01-02
CARD3.SA,BRCARDACNOR9,CSU CARDSYST,equity,01.896.779/0001-38,CSU DIGITAL S.A.,Emp. Adm. Part. - Sem Setor Principal,official_b3_issuer_unique_prefix,0.99,accepted,B3 COTAHIST official annual file; last trading session 2012-01-02; 60-session average traded value,2012,2012-01-02
CBEE3.SA,BRCBEEACNOR3,AMPLA ENERG,equity,33.050.071/0001-58,AMPLA ENERGIA E SERVIÇOS S.A.,Energia Elétrica,official_b3_isin_cnpj,1.0,accepted,B3 COTAHIST official annual file; last trading session 2012-01-02; 60-session average traded value,2012,2012-01-02
CBMA4.SA,BRCBMAACNPR1,COBRASMA,equity,61.080.313/0001-91,COBRASMA SA,"Máquinas, Equipamentos, Veículos e Peças",official_b3_isin_cnpj,1.0,accepted,B3 COTAHIST official annual file; last trading session 2012-01-02; 60-session average traded value,2012,2012-01-02
CCIM3.SA,BRCCIMACNOR5,CC DES IMOB,equity,67.203.208/0001-89,CAMARGO CORREA DESENVOLVIMENTO  IMOBILIARIO SA,"Construção Civil, Mat. Constr. e Decoração",official_b3_isin_cnpj,1.0,accepted,B3 COTAHIST official annual file; last trading session 2012-01-02; 60-session average traded value,2012,2012-01-02
CCPR3.SA,BRCCPRACNOR9,CYRE COM-CCP,equity,,,,no_deterministic_cnpj_match,0.0,review_required,B3 COTAHIST official annual file; last trading session 2012-01-02; 60-session average traded value,2012,2012-01-02
CCRO3.SA,BRCCROACNOR2,CCR SA,equity,,,,no_deterministic_cnpj_match,0.0,review_required,B3 COTAHIST official annual file; last trading session 2012-01-02; 60-session average traded value,2012,2012-01-02
CEBR3.SA,BRCEBRACNOR5,CEB,equity,00.070.698/0001-11,COMPANHIA ENERGÉTICA DE BRASÍLIA - CEB,Energia Elétrica,official_b3_isin_cnpj,1.0,accepted,B3 COTAHIST official annual file; last trading session 2012-01-02; 60-session average traded value,2012,2012-01-02
CEPE6.SA,BRCEPEACNPB4,CELPE,equity,10.835.932/0001-08,CIA ENERGÉTICA DE PERNAMBUCO - CELPE,Energia Elétrica,official_b3_isin_cnpj,1.0,accepted,B3 COTAHIST official annual file; last trading session 2012-01-02; 60-session average traded value,2012,2012-01-02
CESP6.SA,BRCESPACNPB4,CESP,equity,60.933.603/0001-78,CESP - COMPANHIA ENERGÉTICA DE SÃO PAULO,Energia Elétrica,official_b3_isin_cnpj,1.0,accepted,B3 COTAHIST official annual file; last trading session 2012-01-02; 60-session average traded value,2012,2012-01-02
CGAS3.SA,BRCGASACNOR0,COMGAS,equity,61.856.571/0001-17,COMPANHIA DE GÁS DE SÃO PAULO - COMGÁS,"Emp. Adm. Part. - Saneamento, Serv. Água e Gás",official_b3_isin_cnpj,1.0,accepted,B3 COTAHIST official annual file; last trading session 2012-01-02; 60-session average traded value,2012,2012-01-02
CGAS5.SA,BRCGASACNPA3,COMGAS,equity,61.856.571/0001-17,COMPANHIA DE GÁS DE SÃO PAULO - COMGÁS,"Emp. Adm. Part. - Saneamento, Serv. Água e Gás",official_b3_isin_cnpj,1.0,accepted,B3 COTAHIST official annual file; last trading session 2012-01-02; 60-session average traded value,2012,2012-01-02
CGRA3.SA,BRCGRAACNOR2,GRAZZIOTIN,equity,92.012.467/0001-70,GRAZZIOTIN SA,Comércio (Atacado e Varejo),official_b3_isin_cnpj,1.0,accepted,B3 COTAHIST official annual file; last trading session 2012-01-02; 60-session average traded value,2012,2012-01-02
CGRA4.SA,BRCGRAACNPR9,GRAZZIOTIN,equity,92.012.467/0001-70,GRAZZIOTIN SA,Comércio (Atacado e Varejo),official_b3_isin_cnpj,1.0,accepted,B3 COTAHIST official annual file; last trading session 2012-01-02; 60-session average traded value,2012,2012-01-02
CIEL3.SA,BRCIELACNOR3,CIELO,equity,01.027.058/0001-91,CIELO S.A. - INSTITUIÇÃO DE PAGAMENTO,Intermediação Financeira,official_b3_isin_cnpj,1.0,accepted,B3 COTAHIST official annual file; last trading session 2012-01-02; 60-session average traded value,2012,2012-01-02
CLSC6.SA,BRCLSCACNPB7,CELESC,equity,83.878.892/0001-55,CENTRAIS ELETRICAS DE SANTA CATARINA S.A,Energia Elétrica,exact_normalised_name,1.0,accepted,B3 COTAHIST official annual file; last trading session 2012-01-02; 60-session average traded value,2012,2012-01-02
CMIG3.SA,BRCMIGACNOR6,CEMIG,equity,17.155.730/0001-64,CIA ENERG MINAS GERAIS - CEMIG,Energia Elétrica,official_b3_isin_cnpj,1.0,accepted,B3 COTAHIST official annual file; last trading session 2012-01-02; 60-session average traded value,2012,2012-01-02
CMIG4.SA,BRCMIGACNPR3,CEMIG,equity,17.155.730/0001-64,CIA ENERG MINAS GERAIS - CEMIG,Energia Elétrica,official_b3_isin_cnpj,1.0,accepted,B3 COTAHIST official annual file; last trading session 2012-01-02; 60-session average traded value,2012,2012-01-02
CNFB4.SA,BRCNFBACNPR8,CONFAB,equity,60.882.628/0001-90,CONFAB INDUSTRIAL SA,Metalurgia e Siderurgia,official_b3_isin_cnpj,1.0,accepted,B3 COTAHIST official annual file; last trading session 2012-01-02; 60-session average traded value,2012,2012-01-02
COCE3.SA,BRCOCEACNOR0,COELCE,equity,07.047.251/0001-70,CIA ENERG CEARA - COELCE,Energia Elétrica,official_b3_isin_cnpj,1.0,accepted,B3 COTAHIST official annual file; last trading session 2012-01-02; 60-session average traded value,2012,2012-01-02
COCE5.SA,BRCOCEACNPA3,COELCE,equity,07.047.251/0001-70,CIA ENERG CEARA - COELCE,Energia Elétrica,official_b3_isin_cnpj,1.0,accepted,B3 COTAHIST official annual file; last trading session 2012-01-02; 60-session average traded value,2012,2012-01-02
CPFE3.SA,BRCPFEACNOR0,CPFL ENERGIA,equity,02.429.144/0001-93,CPFL ENERGIA SA,Emp. Adm. Part. - Energia Elétrica,official_b3_isin_cnpj,1.0,accepted,B3 COTAHIST official annual file; last trading session 2012-01-02; 60-session average traded value,2012,2012-01-02
CPLE3.SA,BRCPLEACNOR8,COPEL,equity,76.483.817/0001-20,COMPANHIA PARANAENSE DE ENERGIA COPEL,Energia Elétrica,official_b3_isin_cnpj,1.0,accepted,B3 COTAHIST official annual file; last trading session 2012-01-02; 60-session average traded value,2012,2012-01-02
CPLE6.SA,BRCPLEACNPB9,COPEL,equity,76.483.817/0001-20,COMPANHIA PARANAENSE DE ENERGIA COPEL,Energia Elétrica,official_b3_isin_cnpj,1.0,accepted,B3 COTAHIST official annual file; last trading session 2012-01-02; 60-session average traded value,2012,2012-01-02
CRDE3.SA,BRCRDEACNOR1,CR2,equity,,,,no_deterministic_cnpj_match,0.0,review_required,B3 COTAHIST official annual file; last trading session 2012-01-02; 60-session average traded value,2012,2012-01-02
CREM3.SA,BRCREMACNOR2,CREMER,equity,82.641.325/0001-18,CREMER SA,Têxtil e Vestuário,official_b3_isin_cnpj,1.0,accepted,B3 COTAHIST official annual file; last trading session 2012-01-02; 60-session average traded value,2012,2012-01-02
CRIV3.SA,BRCRIVACNOR4,ALFA FINANC,equity,17.167.412/0001-13,FINANCEIRA ALFA S.A.- C.F.I,Bancos,official_b3_isin_cnpj,1.0,accepted,B3 COTAHIST official annual file; last trading session 2012-01-02; 60-session average traded value,2012,2012-01-02
CRIV4.SA,BRCRIVACNPR1,ALFA FINANC,equity,17.167.412/0001-13,FINANCEIRA ALFA S.A.- C.F.I,Bancos,official_b3_isin_cnpj,1.0,accepted,B3 COTAHIST official annual file; last trading session 2012-01-02; 60-session average traded value,2012,2012-01-02
CRUZ3.SA,BRCRUZACNOR0,SOUZA CRUZ,equity,33.009.911/0001-39,SOUZA CRUZ SA,Bebidas e Fumo,official_b3_isin_cnpj,1.0,accepted,B3 COTAHIST official annual file; last trading session 2012-01-02; 60-session average traded value,2012,2012-01-02
CSAN3.SA,BRCSANACNOR6,COSAN,equity,50.746.577/0001-15,COSAN S.A.,"Agricultura (Açúcar, Álcool e Cana)",official_b3_isin_cnpj,1.0,accepted,B3 COTAHIST official annual file; last trading session 2012-01-02; 60-session average traded value,2012,2012-01-02
CSMG3.SA,BRCSMGACNOR5,COPASA,equity,17.281.106/0001-03,COMPANHIA DE SANEAMENTO DE MINAS GERAIS,"Saneamento, Serv. Água e Gás",official_b3_isin_cnpj,1.0,accepted,B3 COTAHIST official annual file; last trading session 2012-01-02; 60-session average traded value,2012,2012-01-02
CSNA3.SA,BRCSNAACNOR6,SID NACIONAL,equity,33.042.730/0001-04,CIA SIDERURGICA NACIONAL,Metalurgia e Siderurgia,official_b3_isin_cnpj,1.0,accepted,B3 COTAHIST official annual file; last trading session 2012-01-02; 60-session average traded value,2012,2012-01-02
CTAX3.SA,BRCTAXACNOR3,CONTAX,equity,04.032.433/0001-80,CONTAX PARTICIPAÇÕES S.A. - EM RECUPERAÇÃO JUDICIAL,Emp. Adm. Part. - Comunicação e Informática,official_b3_isin_cnpj,1.0,accepted,B3 COTAHIST official annual file; last trading session 2012-01-02; 60-session average traded value,2012,2012-01-02
CTAX4.SA,BRCTAXACNPR0,CONTAX,equity,,,,no_deterministic_cnpj_match,0.0,review_required,B3 COTAHIST official annual file; last trading session 2012-01-02; 60-session average traded value,2012,2012-01-02
CTIP3.SA,BRCTIPACNOR2,CETIP,equity,,,,no_deterministic_cnpj_match,0.0,review_required,B3 COTAHIST official annual file; last trading session 2012-01-02; 60-session average traded value,2012,2012-01-02
CTKA4.SA,BRCTKAACNPR7,KARSTEN,equity,82.640.558/0001-04,KARSTEN SA,Têxtil e Vestuário,official_b3_isin_cnpj,1.0,accepted,B3 COTAHIST official annual file; last trading session 2012-01-02; 60-session average traded value,2012,2012-01-02
CTPC3.SA,BRCTPCACNOR5,MARAMBAIA,equity,51.468.056/0001-06,MARAMBAIA ENERGIA RENOVÁVEL SA,"Agricultura (Açúcar, Álcool e Cana)",official_b3_isin_cnpj,1.0,accepted,B3 COTAHIST official annual file; last trading session 2012-01-02; 60-session average traded value,2012,2012-01-02
CYRE3.SA,BRCYREACNOR7,CYRELA REALT,equity,73.178.600/0001-18,CYRELA BRAZIL REALTY S.A.EMPREEND E PART,"Construção Civil, Mat. Constr. e Decoração",official_b3_isin_cnpj,1.0,accepted,B3 COTAHIST official annual file; last trading session 2012-01-02; 60-session average traded value,2012,2012-01-02
CZRS4.SA,BRCZRSACNPR1,CRUZEIRO SUL,equity,62.136.254/0001-99,MASSA FALIDA DO BANCO CRUZEIRO DO SUL S/A,Bancos,official_b3_isin_cnpj,1.0,accepted,B3 COTAHIST official annual file; last trading session 2012-01-02; 60-session average traded value,2012,2012-01-02
DASA3.SA,BRDASAACNOR1,DASA,equity,61.486.650/0001-83,DIAGNOSTICOS DA AMERICA SA,Serviços Médicos,official_b3_isin_cnpj,1.0,accepted,B3 COTAHIST official annual file; last trading session 2012-01-02; 60-session average traded value,2012,2012-01-02
DAYC4.SA,BRDAYCACNPR2,DAYCOVAL,equity,62.232.889/0001-90,BANCO DAYCOVAL S.A.,Bancos,official_b3_isin_cnpj,1.0,accepted,B3 COTAHIST official annual file; last trading session 2012-01-02; 60-session average traded value,2012,2012-01-02
DIRR3.SA,BRDIRRACNOR0,DIRECIONAL,equity,16.614.075/0001-00,DIRECIONAL ENGENHARIA SA,"Construção Civil, Mat. Constr. e Decoração",official_b3_isin_cnpj,1.0,accepted,B3 COTAHIST official annual file; last trading session 2012-01-02; 60-session average traded value,2012,2012-01-02
DTCY3.SA,BRDTCYACNOR5,DTCOM-DIRECT,equity,03.303.999/0001-36,DTCOM - DIRECT TO COMPANY S.A.,Telecomunicações,official_b3_isin_cnpj,1.0,accepted,B3 COTAHIST official annual file; last trading session 2012-01-02; 60-session average traded value,2012,2012-01-02
DTEX3.SA,BRDTEXACNOR3,DURATEX,equity,61.194.080/0001-58,DURATEX SA,"Construção Civil, Mat. Constr. e Decoração",exact_normalised_name,1.0,accepted,B3 COTAHIST official annual file; last trading session 2012-01-02; 60-session average traded value,2012,2012-01-02
EALT4.SA,BREALTACNPR1,ACO ALTONA,equity,82.643.537/0001-34,ELECTRO AÇO ALTONA S/A,Metalurgia e Siderurgia,official_b3_isin_cnpj,1.0,accepted,B3 COTAHIST official annual file; last trading session 2012-01-02; 60-session average traded value,2012,2012-01-02
EBTP3.SA,BREBTPACNOR3,EMBRATEL PAR,equity,02.558.124/0001-12,EMBRATEL PARTICIPAÇÕES SA,Telecomunicações,official_b3_isin_cnpj,1.0,accepted,B3 COTAHIST official annual file; last trading session 2012-01-02; 60-session average traded value,2012,2012-01-02
ECOR3.SA,BRECORACNOR8,ECORODOVIAS,equity,04.149.454/0001-80,ECORODOVIAS INFRAESTRUTURA E LOGÍSTICA S.A.,Serviços Transporte e Logística,official_b3_isin_cnpj,1.0,accepted,B3 COTAHIST official annual file; last trading session 2012-01-02; 60-session average traded value,2012,2012-01-02
ELET3.SA,BRELETACNOR6,ELETROBRAS,equity,01.104.937/0001-70,ELETROBRÁS PARTICIPAÇÕES S.A. - ELETROPAR,Emp. Adm. Part. - Energia Elétrica,official_b3_issuer_unique_prefix,0.99,accepted,B3 COTAHIST official annual file; last trading session 2012-01-02; 60-session average traded value,2012,2012-01-02
ELET6.SA,BRELETACNPB7,ELETROBRAS,equity,01.104.937/0001-70,ELETROBRÁS PARTICIPAÇÕES S.A. - ELETROPAR,Emp. Adm. Part. - Energia Elétrica,official_b3_issuer_unique_prefix,0.99,accepted,B3 COTAHIST official annual file; last trading session 2012-01-02; 60-session average traded value,2012,2012-01-02
ELPL4.SA,BRELPLACNPR6,ELETROPAULO,equity,61.695.227/0001-93,ELETROPAULO METROP. ELET. SAO PAULO S.A.,Energia Elétrica,official_b3_isin_cnpj,1.0,accepted,B3 COTAHIST official annual file; last trading session 2012-01-02; 60-session average traded value,2012,2012-01-02
EMAE4.SA,BREMAEACNPR1,EMAE,equity,02.302.101/0001-42,EMAE - EMPRESA METROP.AGUAS ENERGIA S.A.,Energia Elétrica,official_b3_isin_cnpj,1.0,accepted,B3 COTAHIST official annual file; last trading session 2012-01-02; 60-session average traded value,2012,2012-01-02
EMBR3.SA,BREMBRACNOR4,EMBRAER,equity,07.689.002/0001-89,EMBRAER S.A.,"Máquinas, Equipamentos, Veículos e Peças",official_b3_issuer_unique_prefix,0.99,accepted,B3 COTAHIST official annual file; last trading session 2012-01-02; 60-session average traded value,2012,2012-01-02
ENBR3.SA,BRENBRACNOR2,ENERGIAS BR,equity,03.983.431/0001-03,EDP ENERGIAS DO BRASIL S/A,Energia Elétrica,official_b3_isin_cnpj,1.0,accepted,B3 COTAHIST official annual file; last trading session 2012-01-02; 60-session average traded value,2012,2012-01-02
ENGI11.SA,BRENGICDAM16,ENERGISA,equity,00.864.214/0001-06,ENERGISA SA,Emp. Adm. Part. - Energia Elétrica,official_b3_isin_cnpj,1.0,accepted,B3 COTAHIST official annual file; last trading session 2012-01-02; 60-session average traded value,2012,2012-01-02
ENGI3.SA,BRENGIACNOR0,ENERGISA,equity,00.864.214/0001-06,ENERGISA SA,Emp. Adm. Part. - Energia Elétrica,official_b3_isin_cnpj,1.0,accepted,B3 COTAHIST official annual file; last trading session 2012-01-02; 60-session average traded value,2012,2012-01-02
ENMA3B.SA,BRENMAACNOR5,CEMAR,equity,,,,no_deterministic_cnpj_match,0.0,review_required,B3 COTAHIST official annual file; last trading session 2012-01-02; 60-session average traded value,2012,2012-01-02
EQTL3.SA,BREQTLACNOR0,EQUATORIAL,equity,03.220.438/0001-73,EQUATORIAL S.A.,Energia Elétrica,official_b3_isin_cnpj,1.0,accepted,B3 COTAHIST official annual file; last trading session 2012-01-02; 60-session average traded value,2012,2012-01-02
ESTC3.SA,BRESTCACNOR5,ESTACIO PART,equity,08.807.432/0001-10,YDUQS PARTICIPACOES S.A.,Emp. Adm. Part. - Educação,unique_cotahist_prefix,0.97,accepted,B3 COTAHIST official annual file; last trading session 2012-01-02; 60-session average traded value,2012,2012-01-02
ESTR4.SA,BRESTRACNPR0,ESTRELA,equity,61.082.004/0001-50,MANUFATURA DE  BRINQUEDOS ESTRELA SA,Brinquedos e Lazer,official_b3_isin_cnpj,1.0,accepted,B3 COTAHIST official annual file; last trading session 2012-01-02; 60-session average traded value,2012,2012-01-02
ETER3.SA,BRETERACNOR3,ETERNIT,equity,61.092.037/0001-81,ETERNIT S.A.,"Construção Civil, Mat. Constr. e Decoração",official_b3_isin_cnpj,1.0,accepted,B3 COTAHIST official annual file; last trading session 2012-01-02; 60-session average traded value,2012,2012-01-02
EUCA4.SA,BREUCAACNPR8,EUCATEX,equity,56.643.018/0001-66,EUCATEX S.A. INDUSTRIA E COMERCIO,"Construção Civil, Mat. Constr. e Decoração",official_b3_isin_cnpj,1.0,accepted,B3 COTAHIST official annual file; last trading session 2012-01-02; 60-session average traded value,2012,2012-01-02
EVEN3.SA,BREVENACNOR8,EVEN,equity,43.470.988/0001-65,EVEN CONSTRUTORA E INCORPORADORA S/A,"Construção Civil, Mat. Constr. e Decoração",official_b3_isin_cnpj,1.0,accepted,B3 COTAHIST official annual file; last trading session 2012-01-02; 60-session average traded value,2012,2012-01-02
EZTC3.SA,BREZTCACNOR0,EZTEC,equity,08.312.229/0001-73,EZ TEC EMPREEND. E PARTICIPAÇÕES S/A,"Emp. Adm. Part. - Const. Civil, Mat. Const. e Decoração",official_b3_isin_cnpj,1.0,accepted,B3 COTAHIST official annual file; last trading session 2012-01-02; 60-session average traded value,2012,2012-01-02
FBMC4.SA,BRFBMCACNPR0,FIBAM,equity,61.410.395/0001-95,FIBAM CIA INDUSTRIAL,Metalurgia e Siderurgia,official_b3_isin_cnpj,1.0,accepted,B3 COTAHIST official annual file; last trading session 2012-01-02; 60-session average traded value,2012,2012-01-02
FESA4.SA,BRFESAACNPR5,FERBASA,equity,15.141.799/0001-03,CIA FERRO LIGAS BAHIA FERBASA,Metalurgia e Siderurgia,official_b3_isin_cnpj,1.0,accepted,B3 COTAHIST official annual file; last trading session 2012-01-02; 60-session average traded value,2012,2012-01-02
FHER3.SA,BRFHERACNOR5,FER HERINGER,equity,22.266.175/0001-88,FERTILIZANTES HERINGER S.A.,Petroquímicos e Borracha,official_b3_isin_cnpj,1.0,accepted,B3 COTAHIST official annual file; last trading session 2012-01-02; 60-session average traded value,2012,2012-01-02
FIBR3.SA,BRFIBRACNOR9,FIBRIA,equity,60.643.228/0001-21,FIBRIA CELULOSE S.A.,Papel e Celulose,official_b3_isin_cnpj,1.0,accepted,B3 COTAHIST official annual file; last trading session 2012-01-02; 60-session average traded value,2012,2012-01-02
FJTA3.SA,BRFJTAACNOR5,FORJA TAURUS,equity,,,,no_deterministic_cnpj_match,0.0,review_required,B3 COTAHIST official annual file; last trading session 2012-01-02; 60-session average traded value,2012,2012-01-02
FJTA4.SA,BRFJTAACNPR2,FORJA TAURUS,equity,,,,no_deterministic_cnpj_match,0.0,review_required,B3 COTAHIST official annual file; last trading session 2012-01-02; 60-session average traded value,2012,2012-01-02
FLRY3.SA,BRFLRYACNOR5,FLEURY,equity,60.840.055/0001-31,FLEURY SA,Serviços Médicos,official_b3_isin_cnpj,1.0,accepted,B3 COTAHIST official annual file; last trading session 2012-01-02; 60-session average traded value,2012,2012-01-02
FRAS4.SA,BRFRASACNPR7,FRAS-LE,equity,88.610.126/0001-29,FRASLE MOBILITY S.A.,"Máquinas, Equipamentos, Veículos e Peças",official_b3_isin_cnpj,1.0,accepted,B3 COTAHIST official annual file; last trading session 2012-01-02; 60-session average traded value,2012,2012-01-02
FRIO3.SA,BRFRIOACNOR2,METALFRIO,equity,04.821.041/0001-08,METALFRIO SOLUTIONS S/A,"Máquinas, Equipamentos, Veículos e Peças",official_b3_isin_cnpj,1.0,accepted,B3 COTAHIST official annual file; last trading session 2012-01-02; 60-session average traded value,2012,2012-01-02
FTRX3.SA,BRFTRXACNOR0,FAB C RENAUX,equity,82.981.671/0001-45,MASSA FALIDA DA FÁBRICA DE TECIDOS CARLOS RENAUX S.A.,Têxtil e Vestuário,official_b3_isin_cnpj,1.0,accepted,B3 COTAHIST official annual file; last trading session 2012-01-02; 60-session average traded value,2012,2012-01-02
FTRX4.SA,BRFTRXACNPR7,FAB C RENAUX,equity,82.981.671/0001-45,MASSA FALIDA DA FÁBRICA DE TECIDOS CARLOS RENAUX S.A.,Têxtil e Vestuário,official_b3_isin_cnpj,1.0,accepted,B3 COTAHIST official annual file; last trading session 2012-01-02; 60-session average traded value,2012,2012-01-02
GETI3.SA,BRGETIACNOR7,AES TIETE,equity,,,,no_deterministic_cnpj_match,0.0,review_required,B3 COTAHIST official annual file; last trading session 2012-01-02; 60-session average traded value,2012,2012-01-02
GETI4.SA,BRGETIACNPR4,AES TIETE,equity,,,,no_deterministic_cnpj_match,0.0,review_required,B3 COTAHIST official annual file; last trading session 2012-01-02; 60-session average traded value,2012,2012-01-02
GFSA3.SA,BRGFSAACNOR3,GAFISA,equity,01.545.826/0001-07,GAFISA SA,"Construção Civil, Mat. Constr. e Decoração",official_b3_isin_cnpj,1.0,accepted,B3 COTAHIST official annual file; last trading session 2012-01-02; 60-session average traded value,2012,2012-01-02
GGBR3.SA,BRGGBRACNOR1,GERDAU,equity,33.611.500/0001-19,GERDAU S.A.,Metalurgia e Siderurgia,official_b3_isin_cnpj,1.0,accepted,B3 COTAHIST official annual file; last trading session 2012-01-02; 60-session average traded value,2012,2012-01-02
GGBR4.SA,BRGGBRACNPR8,GERDAU,equity,33.611.500/0001-19,GERDAU S.A.,Metalurgia e Siderurgia,official_b3_isin_cnpj,1.0,accepted,B3 COTAHIST official annual file; last trading session 2012-01-02; 60-session average traded value,2012,2012-01-02
GLOB3.SA,BRGLOBACNOR8,GLOBEX,equity,,,,no_deterministic_cnpj_match,0.0,review_required,B3 COTAHIST official annual file; last trading session 2012-01-02; 60-session average traded value,2012,2012-01-02
GOAU3.SA,BRGOAUACNOR1,GERDAU MET,equity,92.690.783/0001-09,METALURGICA GERDAU SA,Emp. Adm. Part. - Metalurgia e Siderurgia,official_b3_isin_cnpj,1.0,accepted,B3 COTAHIST official annual file; last trading session 2012-01-02; 60-session average traded value,2012,2012-01-02
GOAU4.SA,BRGOAUACNPR8,GERDAU MET,equity,92.690.783/0001-09,METALURGICA GERDAU SA,Emp. Adm. Part. - Metalurgia e Siderurgia,official_b3_isin_cnpj,1.0,accepted,B3 COTAHIST official annual file; last trading session 2012-01-02; 60-session average traded value,2012,2012-01-02
GOLL4.SA,BRGOLLACNPR4,GOL,equity,06.164.253/0001-87,GOL LINHAS AEREAS INTELIGENTES SA,Emp. Adm. Part. - Serviços Transporte e Logística,official_b3_isin_cnpj,1.0,accepted,B3 COTAHIST official annual file; last trading session 2012-01-02; 60-session average traded value,2012,2012-01-02
GPCP3.SA,BRGPCPACNOR4,GPC PART,equity,,,,no_deterministic_cnpj_match,0.0,review_required,B3 COTAHIST official annual file; last trading session 2012-01-02; 60-session average traded value,2012,2012-01-02
GRND3.SA,BRGRNDACNOR3,GRENDENE,equity,89.850.341/0001-60,GRENDENE SA,Têxtil e Vestuário,official_b3_isin_cnpj,1.0,accepted,B3 COTAHIST official annual file; last trading session 2012-01-02; 60-session average traded value,2012,2012-01-02
GSHP3.SA,BRGSHPACNOR7,GENERALSHOPP,equity,08.764.621/0001-53,GENERAL SHOPPING E OUTLETS DO BRASIL BRASIL S.A.,Comércio (Atacado e Varejo),official_b3_isin_cnpj,1.0,accepted,B3 COTAHIST official annual file; last trading session 2012-01-02; 60-session average traded value,2012,2012-01-02
GTDP3B.SA,BRGTDPACNOR4,GTD PART,equity,00.649.881/0001-76,GTD PARTICIPACOES SA,Emp. Adm. Part. - Sem Setor Principal,official_b3_isin_cnpj,1.0,accepted,B3 COTAHIST official annual file; last trading session 2012-01-02; 60-session average traded value,2012,2012-01-02
GTDP4B.SA,BRGTDPACNPR1,GTD PART,equity,00.649.881/0001-76,GTD PARTICIPACOES SA,Emp. Adm. Part. - Sem Setor Principal,official_b3_isin_cnpj,1.0,accepted,B3 COTAHIST official annual file; last trading session 2012-01-02; 60-session average traded value,2012,2012-01-02
GUAR3.SA,BRGUARACNOR4,GUARARAPES,equity,,,,no_deterministic_cnpj_match,0.0,review_required,B3 COTAHIST official annual file; last trading session 2012-01-02; 60-session average traded value,2012,2012-01-02
GUAR4.SA,BRGUARACNPR1,GUARARAPES,equity,,,,no_deterministic_cnpj_match,0.0,review_required,B3 COTAHIST official annual file; last trading session 2012-01-02; 60-session average traded value,2012,2012-01-02
HAGA4.SA,BRHAGAACNPR4,HAGA S/A,equity,30.540.991/0001-66,HAGA S.A. INDÚSTRIA E COMÉRCIO,Metalurgia e Siderurgia,official_b3_isin_cnpj,1.0,accepted,B3 COTAHIST official annual file; last trading session 2012-01-02; 60-session average traded value,2012,2012-01-02
HBOR3.SA,BRHBORACNOR3,HELBOR,equity,49.263.189/0001-02,HELBOR EMPREENDIMENTOS S/A,"Construção Civil, Mat. Constr. e Decoração",official_b3_isin_cnpj,1.0,accepted,B3 COTAHIST official annual file; last trading session 2012-01-02; 60-session average traded value,2012,2012-01-02
HBTS5.SA,BRHBTSACNPA3,HABITASUL,equity,87.762.563/0001-03,COMPANHIIA HABITASUL DE PARTICIPAÇÕES,Emp. Adm. Part. - Crédito Imobiliário,official_b3_isin_cnpj,1.0,accepted,B3 COTAHIST official annual file; last trading session 2012-01-02; 60-session average traded value,2012,2012-01-02
HETA4.SA,BRHETAACNPR9,HERCULES,equity,92.749.225/0001-63,HERCULES S/A - FABRICA DE TALHERES,Metalurgia e Siderurgia,official_b3_isin_cnpj,1.0,accepted,B3 COTAHIST official annual file; last trading session 2012-01-02; 60-session average traded value,2012,2012-01-02
HGTX3.SA,BRHGTXACNOR9,CIA HERING,equity,78.876.950/0001-71,CIA HERING,Têxtil e Vestuário,official_b3_isin_cnpj,1.0,accepted,B3 COTAHIST official annual file; last trading session 2012-01-02; 60-session average traded value,2012,2012-01-02
HOOT4.SA,BRHOOTACNPR9,HOTEIS OTHON,equity,33.200.049/0001-47,HOTEIS OTHON S.A. - EM RECUPERAÇÃO JUDICIAL,Hospedagem e Turismo,official_b3_isin_cnpj,1.0,accepted,B3 COTAHIST official annual file; last trading session 2012-01-02; 60-session average traded value,2012,2012-01-02
HRTP3.SA,BRHRTPACNOR2,HRT PETROLEO,equity,,,,no_deterministic_cnpj_match,0.0,review_required,B3 COTAHIST official annual file; last trading session 2012-01-02; 60-session average traded value,2012,2012-01-02
HYPE3.SA,BRHYPEACNOR0,HYPERMARCAS,equity,02.932.074/0001-91,HYPERA S/A,Farmacêutico e Higiene,official_b3_isin_cnpj,1.0,accepted,B3 COTAHIST official annual file; last trading session 2012-01-02; 60-session average traded value,2012,2012-01-02
IDNT3.SA,BRIDNTACNOR5,IDEIASNET,equity,,,,no_deterministic_cnpj_match,0.0,review_required,B3 COTAHIST official annual file; last trading session 2012-01-02; 60-session average traded value,2012,2012-01-02
IDVL4.SA,BRIDVLACNPR2,INDUSVAL,equity,,,,no_deterministic_cnpj_match,0.0,review_required,B3 COTAHIST official annual file; last trading session 2012-01-02; 60-session average traded value,2012,2012-01-02
IENG3.SA,BRIENGACNOR0,IENERGIA,equity,02.225.714/0001-23,INEPAR ENERGIA SA,Energia Elétrica,official_b3_isin_cnpj,1.0,accepted,B3 COTAHIST official annual file; last trading session 2012-01-02; 60-session average traded value,2012,2012-01-02
IENG5.SA,BRIENGACNPA3,IENERGIA,equity,02.225.714/0001-23,INEPAR ENERGIA SA,Energia Elétrica,official_b3_isin_cnpj,1.0,accepted,B3 COTAHIST official annual file; last trading session 2012-01-02; 60-session average traded value,2012,2012-01-02
IGBR3.SA,BRIGBRACNOR7,IGB S/A,equity,43.185.362/0001-07,IGB ELETRÔNICA S.A. - EM RECUPERAÇÃO JUDICIAL,"Máquinas, Equipamentos, Veículos e Peças",official_b3_isin_cnpj,1.0,accepted,B3 COTAHIST official annual file; last trading session 2012-01-02; 60-session average traded value,2012,2012-01-02
IGTA3.SA,BRIGTAACNOR5,IGUATEMI,equity,,,,no_deterministic_cnpj_match,0.0,review_required,B3 COTAHIST official annual file; last trading session 2012-01-02; 60-session average traded value,2012,2012-01-02
IMBI3.SA,BRIMBIACNOR4,DOC IMBITUBA,equity,84.208.123/0001-02,CIA DOCAS DE IMBITUBA,Serviços Transporte e Logística,official_b3_isin_cnpj,1.0,accepted,B3 COTAHIST official annual file; last trading session 2012-01-02; 60-session average traded value,2012,2012-01-02
IMBI4.SA,BRIMBIACNPR1,DOC IMBITUBA,equity,84.208.123/0001-02,CIA DOCAS DE IMBITUBA,Serviços Transporte e Logística,official_b3_isin_cnpj,1.0,accepted,B3 COTAHIST official annual file; last trading session 2012-01-02; 60-session average traded value,2012,2012-01-02
IMCH3.SA,BRIMCHACNOR4,IMC HOLDINGS,equity,08.936.792/0001-12,"INTERNATIONAL MEAL COMPANY HOLDINGS, SA",Alimentos,official_b3_isin_cnpj,1.0,accepted,B3 COTAHIST official annual file; last trading session 2012-01-02; 60-session average traded value,2012,2012-01-02
INEP3.SA,BRINEPACNOR1,INEPAR,equity,76.627.504/0001-06,INEPAR S.A. INDUSTRIA E CONSTRUCOES EM RECUPERACAO JUDICIAL,"Máquinas, Equipamentos, Veículos e Peças",official_b3_isin_cnpj,1.0,accepted,B3 COTAHIST official annual file; last trading session 2012-01-02; 60-session average traded value,2012,2012-01-02
INEP4.SA,BRINEPACNPR8,INEPAR,equity,76.627.504/0001-06,INEPAR S.A. INDUSTRIA E CONSTRUCOES EM RECUPERACAO JUDICIAL,"Máquinas, Equipamentos, Veículos e Peças",official_b3_isin_cnpj,1.0,accepted,B3 COTAHIST official annual file; last trading session 2012-01-02; 60-session average traded value,2012,2012-01-02
INET3.SA,BRINETACNOR3,INEPAR TEL,equity,,,,no_deterministic_cnpj_match,0.0,review_required,B3 COTAHIST official annual file; last trading session 2012-01-02; 60-session average traded value,2012,2012-01-02
ITSA3.SA,BRITSAACNOR0,ITAUSA,equity,61.532.644/0001-15,ITAUSA S.A.,Emp. Adm. Part. - Intermediação Financeira,official_b3_isin_cnpj,1.0,accepted,B3 COTAHIST official annual file; last trading session 2012-01-02; 60-session average traded value,2012,2012-01-02
ITSA4.SA,BRITSAACNPR7,ITAUSA,equity,61.532.644/0001-15,ITAUSA S.A.,Emp. Adm. Part. - Intermediação Financeira,official_b3_isin_cnpj,1.0,accepted,B3 COTAHIST official annual file; last trading session 2012-01-02; 60-session average traded value,2012,2012-01-02
ITUB3.SA,BRITUBACNOR4,ITAUUNIBANCO,equity,60.872.504/0001-23,ITAÚ UNIBANCO HOLDING S.A.,Bancos,official_b3_isin_cnpj,1.0,accepted,B3 COTAHIST official annual file; last trading session 2012-01-02; 60-session average traded value,2012,2012-01-02
ITUB4.SA,BRITUBACNPR1,ITAUUNIBANCO,equity,60.872.504/0001-23,ITAÚ UNIBANCO HOLDING S.A.,Bancos,official_b3_isin_cnpj,1.0,accepted,B3 COTAHIST official annual file; last trading session 2012-01-02; 60-session average traded value,2012,2012-01-02
JBDU3.SA,BRJBDUACNOR6,J B DUARTE,equity,,,,no_deterministic_cnpj_match,0.0,review_required,B3 COTAHIST official annual file; last trading session 2012-01-02; 60-session average traded value,2012,2012-01-02
JBDU4.SA,BRJBDUACNPR3,J B DUARTE,equity,,,,no_deterministic_cnpj_match,0.0,review_required,B3 COTAHIST official annual file; last trading session 2012-01-02; 60-session average traded value,2012,2012-01-02
JBSS3.SA,BRJBSSACNOR8,JBS,equity,,,,no_deterministic_cnpj_match,0.0,review_required,B3 COTAHIST official annual file; last trading session 2012-01-02; 60-session average traded value,2012,2012-01-02
JHSF3.SA,BRJHSFACNOR2,JHSF PART,equity,08.294.224/0001-65,JHSF PARTICIPAÇÕES SA,"Emp. Adm. Part. - Const. Civil, Mat. Const. e Decoração",official_b3_isin_cnpj,1.0,accepted,B3 COTAHIST official annual file; last trading session 2012-01-02; 60-session average traded value,2012,2012-01-02
JSLG3.SA,BRJSLGACNOR2,JSL,equity,52.548.435/0001-79,JSL S.A.,Serviços Transporte e Logística,official_b3_isin_cnpj,1.0,accepted,B3 COTAHIST official annual file; last trading session 2012-01-02; 60-session average traded value,2012,2012-01-02
KEPL3.SA,BRKEPLACNOR1,KEPLER WEBER,equity,91.983.056/0001-69,KEPLER WEBER SA,Emp. Adm. Part. - Metalurgia e Siderurgia,official_b3_isin_cnpj,1.0,accepted,B3 COTAHIST official annual file; last trading session 2012-01-02; 60-session average traded value,2012,2012-01-02
KLBN4.SA,BRKLBNACNPR9,KLABIN S/A,equity,89.637.490/0001-45,KLABIN S.A.,Papel e Celulose,official_b3_isin_cnpj,1.0,accepted,B3 COTAHIST official annual file; last trading session 2012-01-02; 60-session average traded value,2012,2012-01-02
KROT11.SA,BRKROTCDAM11,KROTON,equity,,,,no_deterministic_cnpj_match,0.0,review_required,B3 COTAHIST official annual file; last trading session 2012-01-02; 60-session average traded value,2012,2012-01-02
KROT12.SA,BRKROTD02M15,KROTON,equity,,,,no_deterministic_cnpj_match,0.0,review_required,B3 COTAHIST official annual file; last trading session 2012-01-02; 60-session average traded value,2012,2012-01-02
LAME3.SA,BRLAMEACNOR9,LOJAS AMERIC,equity,33.014.556/0001-96,LOJAS AMERICANAS SA,Comércio (Atacado e Varejo),official_b3_isin_cnpj,1.0,accepted,B3 COTAHIST official annual file; last trading session 2012-01-02; 60-session average traded value,2012,2012-01-02
LAME4.SA,BRLAMEACNPR6,LOJAS AMERIC,equity,33.014.556/0001-96,LOJAS AMERICANAS SA,Comércio (Atacado e Varejo),official_b3_issuer_unique_prefix,0.99,accepted,B3 COTAHIST official annual file; last trading session 2012-01-02; 60-session average traded value,2012,2012-01-02
LEVE3.SA,BRLEVEACNOR2,METAL LEVE,equity,60.476.884/0001-87,MAHLE METAL LEVE S.A.,"Máquinas, Equipamentos, Veículos e Peças",official_b3_isin_cnpj,1.0,accepted,B3 COTAHIST official annual file; last trading session 2012-01-02; 60-session average traded value,2012,2012-01-02
LFFE3.SA,BRLFFEACNOR2,LA FONTE TEL,equity,53.790.218/0001-53,JPSP INVESTIMENTOS E PARTICIPAÇÕES S.A.,Emp. Adm. Part. - Telecomunicações,official_b3_isin_cnpj,1.0,accepted,B3 COTAHIST official annual file; last trading session 2012-01-02; 60-session average traded value,2012,2012-01-02
LIGT3.SA,BRLIGTACNOR2,LIGHT S/A,equity,03.378.521/0001-75,LIGHT S.A. - EM RECUPERAÇÃO JUDICIAL,Emp. Adm. Part. - Energia Elétrica,official_b3_isin_cnpj,1.0,accepted,B3 COTAHIST official annual file; last trading session 2012-01-02; 60-session average traded value,2012,2012-01-02
LLIS3.SA,BRLLISACNOR4,LE LIS BLANC,equity,49.669.856/0001-43,VESTE SA ESTILO,Emp. Adm. Part. - Comércio (Atacado e Varejo),unique_cotahist_prefix,0.97,accepted,B3 COTAHIST official annual file; last trading session 2012-01-02; 60-session average traded value,2012,2012-01-02
LLXL3.SA,BRLLXLACNOR8,LLX LOG,equity,,,,no_deterministic_cnpj_match,0.0,review_required,B3 COTAHIST official annual file; last trading session 2012-01-02; 60-session average traded value,2012,2012-01-02
LOGN3.SA,BRLOGNACNOR3,LOG-IN,equity,42.278.291/0001-24,LOG-IN LOGISTICA INTERMODAL SA,Serviços Transporte e Logística,official_b3_isin_cnpj,1.0,accepted,B3 COTAHIST official annual file; last trading session 2012-01-02; 60-session average traded value,2012,2012-01-02
LPSB3.SA,BRLPSBACNOR0,LOPES BRASIL,equity,08.078.847/0001-09,LPS BRASIL CONSULTORIA DE IMOVEIS S/A,"Emp. Adm. Part. - Const. Civil, Mat. Const. e Decoração",official_b3_isin_cnpj,1.0,accepted,B3 COTAHIST official annual file; last trading session 2012-01-02; 60-session average traded value,2012,2012-01-02
LREN3.SA,BRLRENACNOR1,LOJAS RENNER,equity,92.754.738/0001-62,LOJAS RENNER SA,Comércio (Atacado e Varejo),official_b3_isin_cnpj,1.0,accepted,B3 COTAHIST official annual file; last trading session 2012-01-02; 60-session average traded value,2012,2012-01-02
LUPA3.SA,BRLUPAACNOR8,LUPATECH,equity,89.463.822/0001-12,LUPATECH S.A.,"Máquinas, Equipamentos, Veículos e Peças",official_b3_isin_cnpj,1.0,accepted,B3 COTAHIST official annual file; last trading session 2012-01-02; 60-session average traded value,2012,2012-01-02
MAGG3.SA,BRMAGGACNOR4,MAGNESITA SA,equity,08.684.547/0001-65,MAGNESITA REFRATARIOS S.A.,Emp. Adm. Part. - Extração Mineral,official_b3_isin_cnpj,1.0,accepted,B3 COTAHIST official annual file; last trading session 2012-01-02; 60-session average traded value,2012,2012-01-02
MDIA3.SA,BRMDIAACNOR7,M.DIASBRANCO,equity,07.206.816/0001-15,M. DIAS BRANCO SA IND E COM DE ALIMENTOS,Alimentos,official_b3_isin_cnpj,1.0,accepted,B3 COTAHIST official annual file; last trading session 2012-01-02; 60-session average traded value,2012,2012-01-02
MGEL4.SA,BRMGELACNPR3,MANGELS INDL,equity,61.065.298/0001-02,MANGELS INDUSTRIAL S.A.,Emp. Adm. Part. - Metalurgia e Siderurgia,official_b3_isin_cnpj,1.0,accepted,B3 COTAHIST official annual file; last trading session 2012-01-02; 60-session average traded value,2012,2012-01-02
MGLU3.SA,BRMGLUACNOR2,MAGAZ LUIZA,equity,47.960.950/0001-21,MAGAZINE LUIZA SA,Comércio (Atacado e Varejo),official_b3_isin_cnpj,1.0,accepted,B3 COTAHIST official annual file; last trading session 2012-01-02; 60-session average traded value,2012,2012-01-02
MILS3.SA,BRMILSACNOR2,MILLS,equity,27.093.558/0001-15,"MILLS LOCAÇÃO, SERVIÇOS E LOGÍSTICA S.A.",Serviços Transporte e Logística,official_b3_isin_cnpj,1.0,accepted,B3 COTAHIST official annual file; last trading session 2012-01-02; 60-session average traded value,2012,2012-01-02
MMXM3.SA,BRMMXMACNOR2,MMX MINER,equity,02.762.115/0001-49,MASSA FALIDA DA MMX MINERACAO E METALICOS S.A.,Extração Mineral,official_b3_isin_cnpj,1.0,accepted,B3 COTAHIST official annual file; last trading session 2012-01-02; 60-session average traded value,2012,2012-01-02
MNDL3.SA,BRMNDLACNOR4,MUNDIAL,equity,88.610.191/0001-54,MUNDIAL S.A - PRODUTOS DE CONSUMO,Têxtil e Vestuário,official_b3_isin_cnpj,1.0,accepted,B3 COTAHIST official annual file; last trading session 2012-01-02; 60-session average traded value,2012,2012-01-02
MNDL4.SA,BRMNDLACNPR1,MUNDIAL,equity,88.610.191/0001-54,MUNDIAL S.A - PRODUTOS DE CONSUMO,Têxtil e Vestuário,official_b3_isin_cnpj,1.0,accepted,B3 COTAHIST official annual file; last trading session 2012-01-02; 60-session average traded value,2012,2012-01-02
MNPR3.SA,BRMNPRACNOR5,MINUPAR,equity,90.076.886/0001-40,MINUPAR PARTICIPACOES SA,Emp. Adm. Part. - Alimentos,official_b3_isin_cnpj,1.0,accepted,B3 COTAHIST official annual file; last trading session 2012-01-02; 60-session average traded value,2012,2012-01-02
MOAR3.SA,BRMOARACNOR5,MONT ARANHA,equity,33.102.476/0001-92,MONTEIRO ARANHA SA,Emp. Adm. Part. - Sem Setor Principal,official_b3_isin_cnpj,1.0,accepted,B3 COTAHIST official annual file; last trading session 2012-01-02; 60-session average traded value,2012,2012-01-02
MPLU3.SA,BRMPLUACNOR3,MULTIPLUS,equity,11.094.546/0001-75,MULTIPLUS SA,Comércio (Atacado e Varejo),official_b3_isin_cnpj,1.0,accepted,B3 COTAHIST official annual file; last trading session 2012-01-02; 60-session average traded value,2012,2012-01-02
MPXE3.SA,BRMPXEACNOR2,MPX ENERGIA,equity,,,,no_deterministic_cnpj_match,0.0,review_required,B3 COTAHIST official annual file; last trading session 2012-01-02; 60-session average traded value,2012,2012-01-02
MRFG3.SA,BRMRFGACNOR0,MARFRIG,equity,03.853.896/0001-40,MARFRIG GLOBAL FOODS SA,Alimentos,official_b3_issuer_unique_prefix,0.99,accepted,B3 COTAHIST official annual file; last trading session 2012-01-02; 60-session average traded value,2012,2012-01-02
MRSL4.SA,BRMRSLACNPR0,MARISOL,equity,84.429.752/0001-62,MARISOL SA,Emp. Adm. Part. - Têxtil e Vestuário,official_b3_isin_cnpj,1.0,accepted,B3 COTAHIST official annual file; last trading session 2012-01-02; 60-session average traded value,2012,2012-01-02
MRVE3.SA,BRMRVEACNOR2,MRV,equity,08.343.492/0001-20,MRV ENGENHARIA E PARTICIPAÇÕES S/A,"Construção Civil, Mat. Constr. e Decoração",official_b3_isin_cnpj,1.0,accepted,B3 COTAHIST official annual file; last trading session 2012-01-02; 60-session average traded value,2012,2012-01-02
MTIG3.SA,BRMTIGACNOR0,METAL IGUACU,equity,80.227.184/0001-66,METALGRAFICA IGUACU SA,Metalurgia e Siderurgia,official_b3_isin_cnpj,1.0,accepted,B3 COTAHIST official annual file; last trading session 2012-01-02; 60-session average traded value,2012,2012-01-02
MTIG4.SA,BRMTIGACNPR7,METAL IGUACU,equity,80.227.184/0001-66,METALGRAFICA IGUACU SA,Metalurgia e Siderurgia,official_b3_isin_cnpj,1.0,accepted,B3 COTAHIST official annual file; last trading session 2012-01-02; 60-session average traded value,2012,2012-01-02
MULT3.SA,BRMULTACNOR5,MULTIPLAN,equity,07.816.890/0001-53,MULTIPLAN - EMPREEND IMOBILIARIOS S.A.,"Emp. Adm. Part. - Const. Civil, Mat. Const. e Decoração",official_b3_isin_cnpj,1.0,accepted,B3 COTAHIST official annual file; last trading session 2012-01-02; 60-session average traded value,2012,2012-01-02
MWET4.SA,BRMWETACNPR3,WETZEL S/A,equity,84.683.671/0001-94,WETZEL S.A.,Metalurgia e Siderurgia,official_b3_isin_cnpj,1.0,accepted,B3 COTAHIST official annual file; last trading session 2012-01-02; 60-session average traded value,2012,2012-01-02
MYPK3.SA,BRMYPKACNOR7,IOCHP-MAXION,equity,61.156.113/0001-75,IOCHPE MAXION SA,"Máquinas, Equipamentos, Veículos e Peças",official_b3_isin_cnpj,1.0,accepted,B3 COTAHIST official annual file; last trading session 2012-01-02; 60-session average traded value,2012,2012-01-02
NATU3.SA,BRNATUACNOR6,NATURA,equity,71.673.990/0001-77,NATURA COSMETICOS SA,Farmacêutico e Higiene,official_b3_isin_cnpj,1.0,accepted,B3 COTAHIST official annual file; last trading session 2012-01-02; 60-session average traded value,2012,2012-01-02
NETC4.SA,BRNETCACNPR3,NET,equity,00.108.786/0001-65,NET SERVIÇOS DE COMUNICAÇÃO S.A.,Telecomunicações,official_b3_isin_cnpj,1.0,accepted,B3 COTAHIST official annual file; last trading session 2012-01-02; 60-session average traded value,2012,2012-01-02
NUTR3M.SA,BRNUTRACNOR0,NUTRIPLANT,equity,51.128.999/0001-90,NUTRIPLANT INDUSTRIA E COMÉRCIO S/A,"Agricultura (Açúcar, Álcool e Cana)",official_b3_isin_cnpj,1.0,accepted,B3 COTAHIST official annual file; last trading session 2012-01-02; 60-session average traded value,2012,2012-01-02
ODPV3.SA,BRODPVACNOR4,ODONTOPREV,equity,,,,no_deterministic_cnpj_match,0.0,review_required,B3 COTAHIST official annual file; last trading session 2012-01-02; 60-session average traded value,2012,2012-01-02
OGXP3.SA,BROGXPACNOR3,OGX PETROLEO,equity,07.957.093/0001-96,ÓLEO E GÁS PARTICIPAÇÕES S/A,Emp. Adm. Part. - Petróleo e Gás,official_b3_isin_cnpj,1.0,accepted,B3 COTAHIST official annual file; last trading session 2012-01-02; 60-session average traded value,2012,2012-01-02
OHLB3.SA,BROHLBACNOR6,OHL BRASIL,equity,,,,no_deterministic_cnpj_match,0.0,review_required,B3 COTAHIST official annual file; last trading session 2012-01-02; 60-session average traded value,2012,2012-01-02
OSXB3.SA,BROSXBACNOR8,OSX BRASIL,equity,09.112.685/0001-32,OSX BRASIL S.A. - EM RECUPERAÇÃO JUDICIAL,Emp. Adm. Part. - Sem Setor Principal,official_b3_isin_cnpj,1.0,accepted,B3 COTAHIST official annual file; last trading session 2012-01-02; 60-session average traded value,2012,2012-01-02
PCAR4.SA,BRPCARACNPR0,P.ACUCAR-CBD,equity,47.508.411/0001-56,COMPANHIA BRASILEIRA DE DISTRIBUIÇÃO,Comércio (Atacado e Varejo),official_b3_isin_cnpj,1.0,accepted,B3 COTAHIST official annual file; last trading session 2012-01-02; 60-session average traded value,2012,2012-01-02
PDGR3.SA,BRPDGRACNOR8,PDG REALT,equity,02.950.811/0001-89,PDG REALTY S.A. EMPREEND E PARTICIPACOES,"Emp. Adm. Part. - Const. Civil, Mat. Const. e Decoração",official_b3_isin_cnpj,1.0,accepted,B3 COTAHIST official annual file; last trading session 2012-01-02; 60-session average traded value,2012,2012-01-02
PETR3.SA,BRPETRACNOR9,PETROBRAS,equity,33.000.167/0001-01,PETRÓLEO BRASILEIRO S.A. - PETROBRAS,Petróleo e Gás,official_b3_isin_cnpj,1.0,accepted,B3 COTAHIST official annual file; last trading session 2012-01-02; 60-session average traded value,2012,2012-01-02
PETR4.SA,BRPETRACNPR6,PETROBRAS,equity,33.000.167/0001-01,PETRÓLEO BRASILEIRO S.A. - PETROBRAS,Petróleo e Gás,official_b3_isin_cnpj,1.0,accepted,B3 COTAHIST official annual file; last trading session 2012-01-02; 60-session average traded value,2012,2012-01-02
PINE4.SA,BRPINEACNPR8,PINE,equity,62.144.175/0001-20,BANCO PINE S/A,Bancos,official_b3_isin_cnpj,1.0,accepted,B3 COTAHIST official annual file; last trading session 2012-01-02; 60-session average traded value,2012,2012-01-02
PLAS3.SA,BRPLASACNOR2,PLASCAR PART,equity,51.928.174/0001-50,PLASCAR PARTICIPAÇÕES INDUSTRIAIS S.A,"Emp. Adm. Part. - Máqs., Equip., Veíc. e Peças",official_b3_isin_cnpj,1.0,accepted,B3 COTAHIST official annual file; last trading session 2012-01-02; 60-session average traded value,2012,2012-01-02
PMAM3.SA,BRPMAMACNOR3,PARANAPANEMA,equity,,,,b3_isin_cnpj_not_in_cvm_master,1.0,review_required,B3 COTAHIST official annual file; last trading session 2012-01-02; 60-session average traded value,2012,2012-01-02
PMET6.SA,BRPMETACNPB1,PRO METALURG,equity,56.994.924/0001-05,PRÓ METALURGIA SA - EM LIQUIDAÇÃO EXTRAJUDICIAL,"Máquinas, Equipamentos, Veículos e Peças",official_b3_isin_cnpj,1.0,accepted,B3 COTAHIST official annual file; last trading session 2012-01-02; 60-session average traded value,2012,2012-01-02
PNVL3.SA,BRPNVLACNOR9,DIMED,equity,92.665.611/0001-77,DIMED SA DISTRIBUIDORA DE MEDICAMENTOS,Comércio (Atacado e Varejo),official_b3_isin_cnpj,1.0,accepted,B3 COTAHIST official annual file; last trading session 2012-01-02; 60-session average traded value,2012,2012-01-02
POMO3.SA,BRPOMOACNOR0,MARCOPOLO,equity,88.611.835/0001-29,MARCOPOLO SA,"Máquinas, Equipamentos, Veículos e Peças",official_b3_isin_cnpj,1.0,accepted,B3 COTAHIST official annual file; last trading session 2012-01-02; 60-session average traded value,2012,2012-01-02
POMO4.SA,BRPOMOACNPR7,MARCOPOLO,equity,88.611.835/0001-29,MARCOPOLO SA,"Máquinas, Equipamentos, Veículos e Peças",official_b3_isin_cnpj,1.0,accepted,B3 COTAHIST official annual file; last trading session 2012-01-02; 60-session average traded value,2012,2012-01-02
POSI3.SA,BRPOSIACNOR9,POSITIVO INF,equity,81.243.735/0001-48,POSITIVO TECNOLOGIA S.A.,Comunicação e Informática,official_b3_isin_cnpj,1.0,accepted,B3 COTAHIST official annual file; last trading session 2012-01-02; 60-session average traded value,2012,2012-01-02
PRBC4.SA,BRPRBCACNPR8,PARANA,equity,14.388.334/0001-99,PARANA BANCO S.A.,Bancos,official_b3_isin_cnpj,1.0,accepted,B3 COTAHIST official annual file; last trading session 2012-01-02; 60-session average traded value,2012,2012-01-02
PRTX3.SA,BRPRTXACNOR9,PORTX,equity,,,,no_deterministic_cnpj_match,0.0,review_required,B3 COTAHIST official annual file; last trading session 2012-01-02; 60-session average traded value,2012,2012-01-02
PRVI3.SA,BRPRVIACNOR6,PROVIDENCIA,equity,76.500.180/0001-32,COMPANHIA PROVIDENCIA IND E COMERCIO,Petroquímicos e Borracha,official_b3_isin_cnpj,1.0,accepted,B3 COTAHIST official annual file; last trading session 2012-01-02; 60-session average traded value,2012,2012-01-02
PSSA3.SA,BRPSSAACNOR7,PORTO SEGURO,equity,02.149.205/0001-69,PORTO SEGURO SA,Seguradoras e Corretoras,official_b3_isin_cnpj,1.0,accepted,B3 COTAHIST official annual file; last trading session 2012-01-02; 60-session average traded value,2012,2012-01-02
PTBL3.SA,BRPTBLACNOR8,PORTOBELLO,equity,83.475.913/0001-91,PBG S/A,"Construção Civil, Mat. Constr. e Decoração",official_b3_isin_cnpj,1.0,accepted,B3 COTAHIST official annual file; last trading session 2012-01-02; 60-session average traded value,2012,2012-01-02
PTNT4.SA,BRPTNTACNPR3,PETTENATI,equity,88.613.658/0001-10,PETTENATI S.A. INDUSTRIA TEXTIL,Têxtil e Vestuário,official_b3_isin_cnpj,1.0,accepted,B3 COTAHIST official annual file; last trading session 2012-01-02; 60-session average traded value,2012,2012-01-02
QGEP3.SA,BRQGEPACNOR8,QGEP PART,equity,11.669.021/0001-10,ENAUTA PARTICIPAÇÕES S.A.,Emp. Adm. Part. - Petróleo e Gás,unique_cotahist_prefix,0.97,accepted,B3 COTAHIST official annual file; last trading session 2012-01-02; 60-session average traded value,2012,2012-01-02
QUAL3.SA,BRQUALACNOR6,QUALICORP,equity,11.992.680/0001-93,QUALICORP CONSULTORIA E CORRETORA DE SEGUROS S.A.,Seguradoras e Corretoras,official_b3_isin_cnpj,1.0,accepted,B3 COTAHIST official annual file; last trading session 2012-01-02; 60-session average traded value,2012,2012-01-02
RADL3.SA,BRRADLACNOR0,RAIADROGASIL,equity,61.585.865/0001-51,RAIA DROGASIL S.A.,Comércio (Atacado e Varejo),official_b3_isin_cnpj,1.0,accepted,B3 COTAHIST official annual file; last trading session 2012-01-02; 60-session average traded value,2012,2012-01-02
RAPT4.SA,BRRAPTACNPR4,RANDON PART,equity,89.086.144/0001-16,RANDONCORP S.A.,"Máquinas, Equipamentos, Veículos e Peças",official_b3_isin_cnpj,1.0,accepted,B3 COTAHIST official annual file; last trading session 2012-01-02; 60-session average traded value,2012,2012-01-02
RCSL4.SA,BRRCSLACNPR1,RECRUSUL,equity,91.333.666/0001-17,RECRUSUL SA,"Máquinas, Equipamentos, Veículos e Peças",official_b3_isin_cnpj,1.0,accepted,B3 COTAHIST official annual file; last trading session 2012-01-02; 60-session average traded value,2012,2012-01-02
RDCD3.SA,BRRDCDACNOR3,REDECARD,equity,01.425.787/0001-04,REDECARD S/A,Emp. Adm. Part. - Sem Setor Principal,official_b3_isin_cnpj,1.0,accepted,B3 COTAHIST official annual file; last trading session 2012-01-02; 60-session average traded value,2012,2012-01-02
RDNI3.SA,BRRDNIACNOR9,RODOBENSIMOB,equity,67.010.660/0001-24,RNI NEGÓCIOS IMOBILIÁRIOS S.A.,"Construção Civil, Mat. Constr. e Decoração",official_b3_isin_cnpj,1.0,accepted,B3 COTAHIST official annual file; last trading session 2012-01-02; 60-session average traded value,2012,2012-01-02
RENT3.SA,BRRENTACNOR4,LOCALIZA,equity,16.670.085/0001-55,LOCALIZA RENT A CAR SA,Serviços Transporte e Logística,official_b3_isin_cnpj,1.0,accepted,B3 COTAHIST official annual file; last trading session 2012-01-02; 60-session average traded value,2012,2012-01-02
RHDS3.SA,BRRHDSACNOR0,M G POLIEST,equity,56.806.656/0001-50,M&G POLIÉSTER SA,Emp. Adm. Part. - Petroquímicos e Borracha,official_b3_isin_cnpj,1.0,accepted,B3 COTAHIST official annual file; last trading session 2012-01-02; 60-session average traded value,2012,2012-01-02
RJCP3.SA,BRRJCPACNOR4,RJCP EQUITY,equity,08.281.683/0001-04,RJ CAPITAL PARTNERS S.A.,Emp. Adm. Part. - Sem Setor Principal,official_b3_isin_cnpj,1.0,accepted,B3 COTAHIST official annual file; last trading session 2012-01-02; 60-session average traded value,2012,2012-01-02
RNAR3.SA,BRRNARACNOR6,RENAR,equity,,,,no_deterministic_cnpj_match,0.0,review_required,B3 COTAHIST official annual file; last trading session 2012-01-02; 60-session average traded value,2012,2012-01-02
RNAR9.SA,BRRNARR02OR9,RENAR,equity,,,,no_deterministic_cnpj_match,0.0,review_required,B3 COTAHIST official annual file; last trading session 2012-01-02; 60-session average traded value,2012,2012-01-02
RNEW11.SA,BRRNEWCDAM15,RENOVA,equity,08.534.605/0001-74,RENOVA ENERGIA S.A.,Energia Elétrica,official_b3_isin_cnpj,1.0,accepted,B3 COTAHIST official annual file; last trading session 2012-01-02; 60-session average traded value,2012,2012-01-02
ROMI3.SA,BRROMIACNOR8,INDS ROMI,equity,56.720.428/0001-63,ROMI S.A.,"Máquinas, Equipamentos, Veículos e Peças",official_b3_isin_cnpj,1.0,accepted,B3 COTAHIST official annual file; last trading session 2012-01-02; 60-session average traded value,2012,2012-01-02
RPMG3.SA,BRRPMGACNOR9,PET MANGUINH,equity,33.412.081/0001-96,REFINARIA DE PETRÓLEOS DE MANGUINHOS S.A. - EM RECUPERAÇÃO JUDICIAL,Petróleo e Gás,official_b3_isin_cnpj,1.0,accepted,B3 COTAHIST official annual file; last trading session 2012-01-02; 60-session average traded value,2012,2012-01-02
RPMG4.SA,BRRPMGACNPR6,PET MANGUINH,equity,33.412.081/0001-96,REFINARIA DE PETRÓLEOS DE MANGUINHOS S.A. - EM RECUPERAÇÃO JUDICIAL,Petróleo e Gás,official_b3_isin_cnpj,1.0,accepted,B3 COTAHIST official annual file; last trading session 2012-01-02; 60-session average traded value,2012,2012-01-02
RSID3.SA,BRRSIDACNOR8,ROSSI RESID,equity,61.065.751/0001-80,ROSSI RESIDENCIAL S.A. - EM RECUPERAÇÃO JUDICIAL,"Construção Civil, Mat. Constr. e Decoração",official_b3_isin_cnpj,1.0,accepted,B3 COTAHIST official annual file; last trading session 2012-01-02; 60-session average traded value,2012,2012-01-02
RSIP4.SA,BRRSIPACNPR9,RASIP AGRO,equity,94.789.468/0001-50,RASIP AGRO PASTORIL SA,"Agricultura (Açúcar, Álcool e Cana)",official_b3_isin_cnpj,1.0,accepted,B3 COTAHIST official annual file; last trading session 2012-01-02; 60-session average traded value,2012,2012-01-02
SANB11.SA,BRSANBCDAM13,SANTANDER BR,equity,90.400.888/0001-42,BANCO SANTANDER (BRASIL) S.A.,Bancos,official_b3_isin_cnpj,1.0,accepted,B3 COTAHIST official annual file; last trading session 2012-01-02; 60-session average traded value,2012,2012-01-02
SANB3.SA,BRSANBACNOR8,SANTANDER BR,equity,90.400.888/0001-42,BANCO SANTANDER (BRASIL) S.A.,Bancos,official_b3_isin_cnpj,1.0,accepted,B3 COTAHIST official annual file; last trading session 2012-01-02; 60-session average traded value,2012,2012-01-02
SANB4.SA,BRSANBACNPR5,SANTANDER BR,equity,90.400.888/0001-42,BANCO SANTANDER (BRASIL) S.A.,Bancos,official_b3_isin_cnpj,1.0,accepted,B3 COTAHIST official annual file; last trading session 2012-01-02; 60-session average traded value,2012,2012-01-02
SAPR4.SA,BRSAPRACNPR6,SANEPAR,equity,76.484.013/0001-45,CIA. DE SANEAMENTO DO PARANÁ - SANEPAR,"Saneamento, Serv. Água e Gás",official_b3_isin_cnpj,1.0,accepted,B3 COTAHIST official annual file; last trading session 2012-01-02; 60-session average traded value,2012,2012-01-02
SBSP3.SA,BRSBSPACNOR5,SABESP,equity,43.776.517/0001-80,CIA SANEAMENTO BÁSICO ESTADO SÃO PAULO,"Saneamento, Serv. Água e Gás",official_b3_isin_cnpj,1.0,accepted,B3 COTAHIST official annual file; last trading session 2012-01-02; 60-session average traded value,2012,2012-01-02
SCAR3.SA,BRSCARACNOR7,SAO CARLOS,equity,29.780.061/0001-09,SAO CARLOS EMPREEND E PARTICIPACOES S.A.,Emp. Adm. Part. - Sem Setor Principal,official_b3_isin_cnpj,1.0,accepted,B3 COTAHIST official annual file; last trading session 2012-01-02; 60-session average traded value,2012,2012-01-02
SCLO4.SA,BRSCLOACNPR8,SCHLOSSER,equity,82.981.929/0001-03,CIA INDUSTRIAL SCHLOSSER S.A.,Têxtil e Vestuário,official_b3_isin_cnpj,1.0,accepted,B3 COTAHIST official annual file; last trading session 2012-01-02; 60-session average traded value,2012,2012-01-02
SFSA4.SA,BRSFSAACNPR5,SOFISA,equity,60.889.128/0001-80,BANCO SOFISA SA,Bancos,official_b3_isin_cnpj,1.0,accepted,B3 COTAHIST official annual file; last trading session 2012-01-02; 60-session average traded value,2012,2012-01-02
SGAS4.SA,BRSGASACNPR3,WLM IND COM,equity,,,,no_deterministic_cnpj_match,0.0,review_required,B3 COTAHIST official annual file; last trading session 2012-01-02; 60-session average traded value,2012,2012-01-02
SHOW3.SA,BRSHOWACNOR7,TIME FOR FUN,equity,02.860.694/0001-62,T4F ENTRETENIMENTO SA,Brinquedos e Lazer,official_b3_isin_cnpj,1.0,accepted,B3 COTAHIST official annual file; last trading session 2012-01-02; 60-session average traded value,2012,2012-01-02
SLCE3.SA,BRSLCEACNOR2,SLC AGRICOLA,equity,89.096.457/0001-55,SLC AGRICOLA SA,"Agricultura (Açúcar, Álcool e Cana)",official_b3_isin_cnpj,1.0,accepted,B3 COTAHIST official annual file; last trading session 2012-01-02; 60-session average traded value,2012,2012-01-02
SLED4.SA,BRSLEDACNPR7,SARAIVA LIVR,equity,60.500.139/0001-26,SARAIVA LIVREIROS S.A. - FALIDA,Comércio (Atacado e Varejo),official_b3_isin_cnpj,1.0,accepted,B3 COTAHIST official annual file; last trading session 2012-01-02; 60-session average traded value,2012,2012-01-02
SMTO3.SA,BRSMTOACNOR3,SAO MARTINHO,equity,51.466.860/0001-56,SÃO MARTINHO SA,"Agricultura (Açúcar, Álcool e Cana)",official_b3_isin_cnpj,1.0,accepted,B3 COTAHIST official annual file; last trading session 2012-01-02; 60-session average traded value,2012,2012-01-02
SNSY5.SA,BRSNSYACNPA5,SANSUY,equity,14.807.945/0001-24,SANSUY SA INDÚSTRIA  DE PLASTICOS,Petroquímicos e Borracha,official_b3_isin_cnpj,1.0,accepted,B3 COTAHIST official annual file; last trading session 2012-01-02; 60-session average traded value,2012,2012-01-02
SPRI3.SA,BRSPRIACNOR2,SPRINGER,equity,92.929.520/0001-00,SPRINGER SA,"Máquinas, Equipamentos, Veículos e Peças",official_b3_isin_cnpj,1.0,accepted,B3 COTAHIST official annual file; last trading session 2012-01-02; 60-session average traded value,2012,2012-01-02
SPRI5.SA,BRSPRIACNPA5,SPRINGER,equity,92.929.520/0001-00,SPRINGER SA,"Máquinas, Equipamentos, Veículos e Peças",official_b3_isin_cnpj,1.0,accepted,B3 COTAHIST official annual file; last trading session 2012-01-02; 60-session average traded value,2012,2012-01-02
SSBR3.SA,BRSSBRACNOR1,SIERRABRASIL,equity,,,,no_deterministic_cnpj_match,0.0,review_required,B3 COTAHIST official annual file; last trading session 2012-01-02; 60-session average traded value,2012,2012-01-02
STBP11.SA,BRSTBPCDAM10,SANTOS BRP,equity,02.762.121/0001-04,SANTOS BRASIL PARTICIPAÇÕES S.A.,Emp. Adm. Part. - Serviços Transporte e Logística,official_b3_isin_cnpj,1.0,accepted,B3 COTAHIST official annual file; last trading session 2012-01-02; 60-session average traded value,2012,2012-01-02
SULA11.SA,BRSULACDAM12,SUL AMERICA,equity,33.041.062/0001-09,SUL AMERICA CIA NACL SEGUROS,Seguradoras e Corretoras,official_b3_issuer_unique_prefix,0.99,accepted,B3 COTAHIST official annual file; last trading session 2012-01-02; 60-session average traded value,2012,2012-01-02
SULT4.SA,BRSULTACNPR9,SULTEPA,equity,89.723.993/0001-33,CONSTRUTORA SULTEPA S.A. - EM RECUPERAÇÃO JUDICIAL,"Construção Civil, Mat. Constr. e Decoração",official_b3_isin_cnpj,1.0,accepted,B3 COTAHIST official annual file; last trading session 2012-01-02; 60-session average traded value,2012,2012-01-02
SUZB5.SA,BRSUZBACNPA3,SUZANO PAPEL,equity,16.404.287/0001-55,SUZANO S.A.,Papel e Celulose,official_b3_isin_cnpj,1.0,accepted,B3 COTAHIST official annual file; last trading session 2012-01-02; 60-session average traded value,2012,2012-01-02
TAMM3.SA,BRTAMMACNOR5,TAM S/A,equity,01.832.635/0001-18,TAM S.A.,Serviços Transporte e Logística,official_b3_isin_cnpj,1.0,accepted,B3 COTAHIST official annual file; last trading session 2012-01-02; 60-session average traded value,2012,2012-01-02
TAMM4.SA,BRTAMMACNPR2,TAM S/A,equity,01.832.635/0001-18,TAM S.A.,Serviços Transporte e Logística,official_b3_isin_cnpj,1.0,accepted,B3 COTAHIST official annual file; last trading session 2012-01-02; 60-session average traded value,2012,2012-01-02
TBLE3.SA,BRTBLEACNOR2,TRACTEBEL,equity,02.474.103/0001-19,ENGIE BRASIL ENERGIA S.A.,Energia Elétrica,unique_cotahist_prefix,0.97,accepted,B3 COTAHIST official annual file; last trading session 2012-01-02; 60-session average traded value,2012,2012-01-02
TCNO3.SA,BRTCNOACNOR5,TECNOSOLO,equity,33.111.246/0001-90,MASSA FALIDA DE TECNOSOLO ENGENHARIA SA,"Construção Civil, Mat. Constr. e Decoração",official_b3_isin_cnpj,1.0,accepted,B3 COTAHIST official annual file; last trading session 2012-01-02; 60-session average traded value,2012,2012-01-02
TCSA3.SA,BRTCSAACNOR3,TECNISA,equity,08.065.557/0001-12,TECNISA S/A,"Construção Civil, Mat. Constr. e Decoração",official_b3_isin_cnpj,1.0,accepted,B3 COTAHIST official annual file; last trading session 2012-01-02; 60-session average traded value,2012,2012-01-02
TECN3.SA,BRTECNACNOR6,TECHNOS,equity,09.295.063/0001-97,TECHNOS SA,Comércio (Atacado e Varejo),official_b3_isin_cnpj,1.0,accepted,B3 COTAHIST official annual file; last trading session 2012-01-02; 60-session average traded value,2012,2012-01-02
TEKA3.SA,BRTEKAACNOR6,TEKA,equity,82.636.986/0001-55,TEKA TECELAGEM KUEHNRICH SA - EM RECUPERAÇÃO JUDICIAL,Têxtil e Vestuário,official_b3_isin_cnpj,1.0,accepted,B3 COTAHIST official annual file; last trading session 2012-01-02; 60-session average traded value,2012,2012-01-02
TEKA4.SA,BRTEKAACNPR3,TEKA,equity,82.636.986/0001-55,TEKA TECELAGEM KUEHNRICH SA - EM RECUPERAÇÃO JUDICIAL,Têxtil e Vestuário,official_b3_isin_cnpj,1.0,accepted,B3 COTAHIST official annual file; last trading session 2012-01-02; 60-session average traded value,2012,2012-01-02
TELB3.SA,BRTELBACNOR2,TELEBRAS,equity,00.336.701/0001-04,TELEC. BRASILEIRAS S.A. - TELEBRÁS,Telecomunicações,official_b3_isin_cnpj,1.0,accepted,B3 COTAHIST official annual file; last trading session 2012-01-02; 60-session average traded value,2012,2012-01-02
TELB4.SA,BRTELBACNPR9,TELEBRAS,equity,00.336.701/0001-04,TELEC. BRASILEIRAS S.A. - TELEBRÁS,Telecomunicações,official_b3_isin_cnpj,1.0,accepted,B3 COTAHIST official annual file; last trading session 2012-01-02; 60-session average traded value,2012,2012-01-02
TEMP3.SA,BRTEMPACNOR0,TEMPO PART,equity,06.977.739/0001-34,TEMPO PARTICIPAÇOES S/A,Emp. Adm. Part. - Serviços médicos,official_b3_isin_cnpj,1.0,accepted,B3 COTAHIST official annual file; last trading session 2012-01-02; 60-session average traded value,2012,2012-01-02
TERI3.SA,BRTERIACNOR4,TEREOS,equity,11.566.501/0001-56,TEREOS INTERNACIONAL S/A,Alimentos,official_b3_isin_cnpj,1.0,accepted,B3 COTAHIST official annual file; last trading session 2012-01-02; 60-session average traded value,2012,2012-01-02
TGMA3.SA,BRTGMAACNOR7,TEGMA,equity,02.351.144/0001-18,TEGMA GESTÃO LOGÍSTICA SA,Serviços Transporte e Logística,official_b3_isin_cnpj,1.0,accepted,B3 COTAHIST official annual file; last trading session 2012-01-02; 60-session average traded value,2012,2012-01-02
TIBR5.SA,BRTIBRACNPA3,MILLENNIUM,equity,15.115.504/0001-24,TRONOX PIGMENTOS DO BRASIL S.A.,Petroquímicos e Borracha,unique_cotahist_prefix,0.97,accepted,B3 COTAHIST official annual file; last trading session 2012-01-02; 60-session average traded value,2012,2012-01-02
TIMP3.SA,BRTIMPACNOR1,TIM PART S/A,equity,,,,no_deterministic_cnpj_match,0.0,review_required,B3 COTAHIST official annual file; last trading session 2012-01-02; 60-session average traded value,2012,2012-01-02
TMAR5.SA,BRTMARACNPA7,TELEMAR N L,equity,33.000.118/0001-79,TELEMAR NORTE LESTE SA,Telecomunicações,official_b3_isin_cnpj,1.0,accepted,B3 COTAHIST official annual file; last trading session 2012-01-02; 60-session average traded value,2012,2012-01-02
TNLP3.SA,BRTNLPACNOR3,TELEMAR,equity,,,,no_deterministic_cnpj_match,0.0,review_required,B3 COTAHIST official annual file; last trading session 2012-01-02; 60-session average traded value,2012,2012-01-02
TNLP4.SA,BRTNLPACNPR0,TELEMAR,equity,,,,no_deterministic_cnpj_match,0.0,review_required,B3 COTAHIST official annual file; last trading session 2012-01-02; 60-session average traded value,2012,2012-01-02
TOTS3.SA,BRTOTSACNOR8,TOTVS,equity,53.113.791/0001-22,TOTVS S.A,Comunicação e Informática,official_b3_isin_cnpj,1.0,accepted,B3 COTAHIST official annual file; last trading session 2012-01-02; 60-session average traded value,2012,2012-01-02
TOYB3.SA,BRTOYBACNOR4,TECTOY,equity,22.770.366/0001-82,TEC TOY S/A,"Máquinas, Equipamentos, Veículos e Peças",official_b3_isin_cnpj,1.0,accepted,B3 COTAHIST official annual file; last trading session 2012-01-02; 60-session average traded value,2012,2012-01-02
TOYB4.SA,BRTOYBACNPR1,TECTOY,equity,22.770.366/0001-82,TEC TOY S/A,"Máquinas, Equipamentos, Veículos e Peças",official_b3_isin_cnpj,1.0,accepted,B3 COTAHIST official annual file; last trading session 2012-01-02; 60-session average traded value,2012,2012-01-02
TPIS3.SA,BRTPISACNOR8,TRIUNFO PART,equity,03.014.553/0001-91,TPI - TRIUNFO PARTICIPACOES E INVESTIMENTOS S.A.,Emp. Adm. Part. - Serviços Transporte e Logística,official_b3_isin_cnpj,1.0,accepted,B3 COTAHIST official annual file; last trading session 2012-01-02; 60-session average traded value,2012,2012-01-02
TRIS3.SA,BRTRISACNOR4,TRISUL,equity,08.811.643/0001-27,TRISUL S/A,"Emp. Adm. Part. - Const. Civil, Mat. Const. e Decoração",official_b3_isin_cnpj,1.0,accepted,B3 COTAHIST official annual file; last trading session 2012-01-02; 60-session average traded value,2012,2012-01-02
TRPL3.SA,BRTRPLACNOR4,TRAN PAULIST,equity,,,,no_deterministic_cnpj_match,0.0,review_required,B3 COTAHIST official annual file; last trading session 2012-01-02; 60-session average traded value,2012,2012-01-02
TRPL4.SA,BRTRPLACNPR1,TRAN PAULIST,equity,,,,no_deterministic_cnpj_match,0.0,review_required,B3 COTAHIST official annual file; last trading session 2012-01-02; 60-session average traded value,2012,2012-01-02
TRPN3.SA,BRTRPNACNOR0,TARPON INV,equity,05.341.549/0001-63,TARPON INVESTIMENTOS S/A,Emp. Adm. Part. - Intermediação Financeira,official_b3_isin_cnpj,1.0,accepted,B3 COTAHIST official annual file; last trading session 2012-01-02; 60-session average traded value,2012,2012-01-02
UGPA3.SA,BRUGPAACNOR8,ULTRAPAR,equity,33.256.439/0001-39,ULTRAPAR PARTICIPAÇÕES SA,Emp. Adm. Part. - Petróleo e Gás,official_b3_isin_cnpj,1.0,accepted,B3 COTAHIST official annual file; last trading session 2012-01-02; 60-session average traded value,2012,2012-01-02
UNIP3.SA,BRUNIPACNOR7,UNIPAR,equity,33.958.695/0001-78,UNIPAR CARBOCLORO S.A.,Petroquímicos e Borracha,official_b3_isin_cnpj,1.0,accepted,B3 COTAHIST official annual file; last trading session 2012-01-02; 60-session average traded value,2012,2012-01-02
UNIP6.SA,BRUNIPACNPB8,UNIPAR,equity,33.958.695/0001-78,UNIPAR CARBOCLORO S.A.,Petroquímicos e Borracha,official_b3_isin_cnpj,1.0,accepted,B3 COTAHIST official annual file; last trading session 2012-01-02; 60-session average traded value,2012,2012-01-02
UOLL4.SA,BRUOLLACNPR5,UOL,equity,01.109.184/0001-95,UNIVERSO ONLINE SA,Telecomunicações,exact_normalised_name,1.0,accepted,B3 COTAHIST official annual file; last trading session 2012-01-02; 60-session average traded value,2012,2012-01-02
USIM3.SA,BRUSIMACNOR3,USIMINAS,equity,60.894.730/0001-05,USINAS SID DE MINAS GERAIS S.A.-USIMINAS,Metalurgia e Siderurgia,official_b3_isin_cnpj,1.0,accepted,B3 COTAHIST official annual file; last trading session 2012-01-02; 60-session average traded value,2012,2012-01-02
USIM5.SA,BRUSIMACNPA6,USIMINAS,equity,60.894.730/0001-05,USINAS SID DE MINAS GERAIS S.A.-USIMINAS,Metalurgia e Siderurgia,official_b3_isin_cnpj,1.0,accepted,B3 COTAHIST official annual file; last trading session 2012-01-02; 60-session average traded value,2012,2012-01-02
VAGR3.SA,BRVAGRACNOR2,V-AGRO,equity,,,,no_deterministic_cnpj_match,0.0,review_required,B3 COTAHIST official annual file; last trading session 2012-01-02; 60-session average traded value,2012,2012-01-02
VALE3.SA,BRVALEACNOR0,VALE,equity,33.592.510/0001-54,VALE S.A.,Extração Mineral,official_b3_isin_cnpj,1.0,accepted,B3 COTAHIST official annual file; last trading session 2012-01-02; 60-session average traded value,2012,2012-01-02
VALE5.SA,BRVALEACNPA3,VALE,equity,33.592.510/0001-54,VALE S.A.,Extração Mineral,official_b3_isin_cnpj,1.0,accepted,B3 COTAHIST official annual file; last trading session 2012-01-02; 60-session average traded value,2012,2012-01-02
VIVR3.SA,BRVIVRACNOR4,VIVER,equity,67.571.414/0001-41,VIVER INCORPORADORA E CONSTRUTORA S.A,"Construção Civil, Mat. Constr. e Decoração",official_b3_isin_cnpj,1.0,accepted,B3 COTAHIST official annual file; last trading session 2012-01-02; 60-session average traded value,2012,2012-01-02
VIVT3.SA,BRVIVTACNOR0,TELEF BRASIL,equity,02.558.157/0001-62,TELEFÔNICA BRASIL S.A.,Telecomunicações,official_b3_isin_cnpj,1.0,accepted,B3 COTAHIST official annual file; last trading session 2012-01-02; 60-session average traded value,2012,2012-01-02
VIVT4.SA,BRVIVTACNPR7,TELEF BRASIL,equity,,,,no_deterministic_cnpj_match,0.0,review_required,B3 COTAHIST official annual file; last trading session 2012-01-02; 60-session average traded value,2012,2012-01-02
VLID3.SA,BRVLIDACNOR5,VALID,equity,33.113.309/0001-47,VALID SOLUÇÕES S.A.,Comunicação e Informática,official_b3_isin_cnpj,1.0,accepted,B3 COTAHIST official annual file; last trading session 2012-01-02; 60-session average traded value,2012,2012-01-02
WEGE3.SA,BRWEGEACNOR0,WEG,equity,84.429.695/0001-11,WEG SA,"Emp. Adm. Part. - Máqs., Equip., Veíc. e Peças",official_b3_isin_cnpj,1.0,accepted,B3 COTAHIST official annual file; last trading session 2012-01-02; 60-session average traded value,2012,2012-01-02
WHRL4.SA,BRWHRLACNPR2,WHIRLPOOL,equity,59.105.999/0001-86,WHIRLPOOL S.A,"Máquinas, Equipamentos, Veículos e Peças",official_b3_isin_cnpj,1.0,accepted,B3 COTAHIST official annual file; last trading session 2012-01-02; 60-session average traded value,2012,2012-01-02
WISA4.SA,BRWISAACNPR1,WIEST,equity,79.313.086/0001-62,WIEST SA,Metalurgia e Siderurgia,official_b3_isin_cnpj,1.0,accepted,B3 COTAHIST official annual file; last trading session 2012-01-02; 60-session average traded value,2012,2012-01-02
