date,wealth,gross_return,net_return,turnover,friction_cost
2011-07-08,100.97105705238343,0.009710570523834283,0.009710570523834283,0.0,0.0
2011-08-08,101.95355521548875,0.009730492992616746,0.009730492992616746,0.0,0.0
2011-09-06,102.91173764833864,0.009398224817414924,0.009398224817414924,0.0,0.0
2011-10-06,103.8572595685014,0.00918769755296256,0.00918769755296256,0.0,0.0
2011-11-08,104.78411247971803,0.008924295856326703,0.008924295856326703,0.0,0.0
2011-12-08,105.6886579118451,0.008632467372400088,0.008632467372400088,0.0,0.0
2012-01-09,106.5718741946764,0.008356774513760934,0.008356774513760934,0.0,0.0
2012-02-08,107.43557119072312,0.008104361517270453,0.008104361517270453,0.0,0.0
2012-03-13,108.25043123770944,0.00758463922102437,0.00758463922102437,0.0,0.0
2012-04-12,109.02204809097351,0.007128071864856311,0.007128071864856311,0.0,0.0
2012-05-14,109.77386999997445,0.006896053799811064,0.006896053799811064,0.0,0.0
2012-06-13,110.50808263459271,0.006688409861276057,0.006688409861276057,0.0,0.0
2012-07-13,111.20400372314637,0.00629746776853235,0.00629746776853235,0.0,0.0
2012-08-13,111.88981977834906,0.006167188520568967,0.006167188520568967,0.0,0.0
2012-09-12,112.55338726660253,0.005930543900847907,0.005930543900847907,0.0,0.0
2012-10-11,113.19771121970797,0.005724607395237724,0.005724607395237724,0.0,0.0
2012-11-13,113.8423070007927,0.005694424155216593,0.005694424155216593,0.0,0.0
2012-12-14,114.47749136374033,0.00557951063784401,0.00557951063784401,0.0,0.0
2013-01-18,115.11968847912885,0.005609811219115635,0.005609811219115635,0.0,0.0
2013-02-21,115.76925773523556,0.005642555714737485,0.005642555714737485,0.0,0.0
2013-03-22,116.42736561179235,0.0056846514301913675,0.0056846514301913675,0.0,0.0
2013-04-23,117.10653919027783,0.005833453114021836,0.005833453114021836,0.0,0.0
2013-05-23,117.82363217196607,0.00612342390652576,0.00612342390652576,0.0,0.0
2013-06-24,118.57567317516772,0.006382768798911531,0.006382768798911531,0.0,0.0
2013-07-24,119.35892938508125,0.0066055388001589055,0.0066055388001589055,0.0,0.0
2013-08-22,120.18238339219413,0.006898972798727199,0.006898972798727199,0.0,0.0
2013-09-20,121.04351700477773,0.00716522329045044,0.00716522329045044,0.0,0.0
2013-10-21,121.94402371169276,0.007439528602589229,0.007439528602589229,0.0,0.0
2013-11-21,122.88474831115269,0.007714396907912757,0.007714396907912757,0.0,0.0
2013-12-20,123.85747747154045,0.007915784291836925,0.007915784291836925,0.0,0.0
2014-01-24,124.8719041360073,0.00819027389525151,0.00819027389525151,0.0,0.0
2014-02-24,125.91816691589234,0.008378688441760929,0.008378688441760929,0.0,0.0
2014-03-27,126.99322718589961,0.00853776938100892,0.00853776938100892,0.0,0.0
2014-04-29,128.08320176250493,0.008582934702570766,0.008582934702570766,0.0,0.0
2014-05-29,129.1827174668841,0.008584386471052863,0.008584386471052863,0.0,0.0
2014-07-01,130.29148429560286,0.008582934702569656,0.008582934702569656,0.0,0.0
2014-07-31,131.4113281189878,0.008594911858124554,0.008594911858124554,0.0,0.0
2014-08-29,132.540796901364,0.008594911858386345,0.008594911858386345,0.0,0.0
2014-09-29,133.681272214161,0.008604711450812763,0.008604711450812763,0.0,0.0
2014-10-28,134.85518793354368,0.008781452330151707,0.008781452330151707,0.0,0.0
2014-11-27,136.0802564491875,0.009084326190309522,0.009084326190309522,0.0,0.0
2014-12-30,137.34243216795022,0.009275230306712734,0.009275230306712734,0.0,0.0
2015-01-30,138.6548356780336,0.00955570313825893,0.00955570313825893,0.0,0.0
2015-03-04,140.0305603392265,0.009921937842740869,0.009921937842740869,0.0,0.0
2015-04-02,141.43018895185975,0.009995165407055584,0.009995165407055584,0.0,0.0
2015-05-06,142.89166906876187,0.010333579610783072,0.010333579610783072,0.0,0.0
2015-06-05,144.4223814243848,0.010712397479844205,0.010712397479844205,0.0,0.0
2015-07-06,145.979459211238,0.010781416090057006,0.010781416090057006,0.0,0.0
2015-08-05,147.5961522002338,0.011074797767652855,0.011074797767652855,0.0,0.0
2015-09-03,149.23074973713497,0.011074797767651967,0.011074797767651967,0.0,0.0
2015-10-05,150.88392514551376,0.011077980987771019,0.011077980987771019,0.0,0.0
2015-11-05,152.55605479764978,0.011082225296852544,0.011082225296852544,0.0,0.0
2015-12-07,154.24671536731628,0.011082225296852322,0.011082225296852322,0.0,0.0
2016-01-11,155.95540299181104,0.011077627296151915,0.011077627296151915,0.0,0.0
2016-02-12,157.682577540718,0.011074797767651967,0.011074797767651967,0.0,0.0
2016-03-14,159.4288801984636,0.01107479776765219,0.01107479776765219,0.0,0.0
2016-04-13,161.19452280498479,0.011074797767651967,0.011074797767651967,0.0,0.0
2016-05-13,162.97971954630327,0.011074797767652633,0.011074797767652633,0.0,0.0
2016-06-14,164.7846869805072,0.011074797767651745,0.011074797767651745,0.0,0.0
2016-07-13,166.60964406402206,0.011074797767651523,0.011074797767651523,0.0,0.0
2016-08-11,168.45481217817152,0.011074797767651523,0.011074797767651523,0.0,0.0
2016-09-12,170.32041515603265,0.011074797767652411,0.011074797767652411,0.0,0.0
2016-10-11,172.18421948842004,0.010942929716792449,0.010942929716792449,0.0,0.0
2016-11-11,174.04718822606924,0.010819625301228486,0.010819625301228486,0.0,0.0
2016-12-13,175.91035859636193,0.01070497253809477,0.01070497253809477,0.0,0.0
2017-01-12,177.69539168898547,0.010147401817987456,0.010147401817987456,0.0,0.0
2017-02-13,179.43681047613455,0.009800022221156057,0.009800022221156057,0.0,0.0
2017-03-16,181.1505082693693,0.009550424958443493,0.009550424958443493,0.0,0.0
2017-04-17,182.7506109078595,0.0088330010982407,0.0088330010982407,0.0,0.0
2017-05-18,184.29285516290463,0.008439064840241262,0.008439064840241262,0.0,0.0
2017-06-16,185.78213944740043,0.008081074457169546,0.008081074457169546,0.0,0.0
2017-07-17,187.19535172524556,0.00760682529573975,0.00760682529573975,0.0,0.0
2017-08-15,188.54404014028123,0.007204711028376387,0.007204711028376387,0.0,0.0
2017-09-13,189.7776249306297,0.006542687795544566,0.006542687795544566,0.0,0.0
2017-10-12,190.96125023218016,0.006236906495078687,0.006236906495078687,0.0,0.0
2017-11-10,192.09207583112763,0.005921754269897939,0.005921754269897939,0.0,0.0
2017-12-11,193.1616348300993,0.005567949611372525,0.005567949611372525,0.0,0.0
2018-01-10,194.23714907968363,0.005567949611372525,0.005567949611372525,0.0,0.0
2018-02-08,195.2805606342441,0.00537184343728403,0.00537184343728403,0.0,0.0
2018-03-13,196.30396823464326,0.005240703924012102,0.005240703924012102,0.0,0.0
2018-04-12,197.31986886709112,0.0051751405821482965,0.0051751405821482965,0.0,0.0
2018-05-14,198.34102692812928,0.0051751405821478524,0.0051751405821478524,0.0,0.0
2018-06-13,199.36746962568998,0.0051751405821480745,0.0051751405821480745,0.0,0.0
2018-07-13,200.39922430850993,0.005175140582147408,0.005175140582147408,0.0,0.0
2018-08-13,201.43631846686003,0.005175140582148741,0.005175140582148741,0.0,0.0
2018-09-12,202.47937892394154,0.005178115173173792,0.005178115173173792,0.0,0.0
2018-10-11,203.5288191986872,0.005182948902366258,0.005182948902366258,0.0,0.0
2018-11-13,204.58369866875285,0.005182948902365814,0.005182948902365814,0.0,0.0
2018-12-14,205.64404552521,0.005182948902365814,0.005182948902365814,0.0,0.0
2019-01-18,206.70988810524287,0.00518294890236537,0.00518294890236537,0.0,0.0
2019-02-19,207.781254892906,0.00518294890236537,0.00518294890236537,0.0,0.0
2019-03-22,208.85817451988524,0.005182948902365148,0.005182948902365148,0.0,0.0
2019-04-23,209.9406757662632,0.005182948902365814,0.005182948902365814,0.0,0.0
2019-05-23,211.0287875612879,0.005182948902365814,0.005182948902365814,0.0,0.0
2019-06-24,212.1225389841462,0.00518294890236537,0.00518294890236537,0.0,0.0
2019-07-24,213.16220501799418,0.004901252072631923,0.004901252072631923,0.0,0.0
2019-08-22,214.1789289999886,0.004769719762978575,0.004769719762978575,0.0,0.0
2019-09-20,215.11966294463423,0.004392280552703909,0.004392280552703909,0.0,0.0
2019-10-21,216.01154312560647,0.0041459723800412185,0.0041459723800412185,0.0,0.0
2019-11-21,216.84971993462645,0.0038802408282996304,0.0038802408282996304,0.0,0.0
2019-12-20,217.62925767344976,0.003594829354902185,0.003594829354902185,0.0,0.0
2020-01-24,218.38665194566738,0.0034802042717716475,0.0034802042717716475,0.0,0.0
2020-02-26,219.10698700002354,0.0032984390206016734,0.0032984390206016734,0.0,0.0
2020-03-26,219.7625385385578,0.0029919243904996673,0.0029919243904996673,0.0,0.0
2020-04-28,220.32479661957933,0.0025584800974751687,0.0025584800974751687,0.0,0.0
2020-05-28,220.80543538080008,0.002181500986703,0.002181500986703,0.0,0.0
2020-06-29,221.19721431015157,0.0017743174151299002,0.0017743174151299002,0.0,0.0
2020-07-28,221.5595078889774,0.001637875865461158,0.001637875865461158,0.0,0.0
2020-08-26,221.90728144243892,0.0015696620595302413,0.0015696620595302413,0.0,0.0
2020-09-25,222.2556008828526,0.0015696620595302413,0.0015696620595302413,0.0,0.0
2020-10-27,222.60446706707657,0.0015696620595304633,0.0015696620595304633,0.0,0.0
2020-11-27,222.95388085331385,0.0015696620595309074,0.0015696620595309074,0.0,0.0
2020-12-30,223.3038431011144,0.0015696620595306854,0.0015696620595306854,0.0,0.0
2021-02-02,223.65435467137746,0.0015696620595300192,0.0015696620595300192,0.0,0.0
2021-03-05,224.08364579463984,0.0019194400390420974,0.0019194400390420974,0.0,0.0
2021-04-06,224.5725635227817,0.002181853684181556,0.002181853684181556,0.0,0.0
2021-05-06,225.19916375667108,0.0027901905026159746,0.0027901905026159746,0.0,0.0
2021-06-07,225.911713169979,0.0031640855206631624,0.0031640855206631624,0.0,0.0
2021-07-06,226.678512658464,0.0033942440510290606,0.0033942440510290606,0.0,0.0
2021-08-05,227.62912342039382,0.004193651841019941,0.004193651841019941,0.0,0.0
2021-09-03,228.65241917738447,0.004495451819233054,0.004495451819233054,0.0,0.0
2021-10-05,229.85647389341472,0.005265873505130747,0.005265873505130747,0.0,0.0
2021-11-05,231.27279605130656,0.006161767532153917,0.006161767532153917,0.0,0.0
2021-12-07,232.9407540166809,0.007212080252639419,0.007212080252639419,0.0,0.0
2022-01-07,234.67193287565215,0.007431841913104087,0.007431841913104087,0.0,0.0
2022-02-07,236.65942795207636,0.008469249185744543,0.008469249185744543,0.0,0.0
2022-03-10,238.80010028886088,0.00904537104356562,0.00904537104356562,0.0,0.0
2022-04-08,241.03725796514695,0.009368328043329655,0.009368328043329655,0.0,0.0
2022-05-11,243.4417666478699,0.009975672238482947,0.009975672238482947,0.0,0.0
2022-06-09,245.93939673710213,0.010259661370453976,0.010259661370453976,0.0,0.0
2022-07-11,248.4975286993099,0.010401472867489714,0.010401472867489714,0.0,0.0
2022-08-09,251.16137809208197,0.010719822473548302,0.010719822473548302,0.0,0.0
2022-09-08,253.85378347744094,0.010719822473548746,0.010719822473548746,0.0,0.0
2022-10-07,256.5750509705579,0.01071982247354919,0.01071982247354919,0.0,0.0
2022-11-09,259.32548996810414,0.01071982247354919,0.01071982247354919,0.0,0.0
2022-12-09,262.10541318342814,0.010719822473548302,0.010719822473548302,0.0,0.0
2023-01-10,264.9151366821103,0.010719822473547413,0.010719822473547413,0.0,0.0
2023-02-08,267.7549799178985,0.010719822473548968,0.010719822473548968,0.0,0.0
2023-03-13,270.62526576902684,0.010719822473548302,0.010719822473548302,0.0,0.0
2023-04-12,273.52632057492787,0.01071982247354919,0.01071982247354919,0.0,0.0
2023-05-15,276.45847417333414,0.010719822473548968,0.010719822473548968,0.0,0.0
2023-06-14,279.4220599377806,0.010719822473549412,0.010719822473549412,0.0,0.0
2023-07-13,282.3877604009389,0.010613694794958661,0.010613694794958661,0.0,0.0
2023-08-11,285.31002877661393,0.01034842434929173,0.01034842434929173,0.0,0.0
2023-09-12,288.1916337215778,0.010099907659467666,0.010099907659467666,0.0,0.0
2023-10-11,291.03571352593417,0.00986871050914706,0.00986871050914706,0.0,0.0
2023-11-13,293.83005094522406,0.009601355742345552,0.009601355742345552,0.0,0.0
2023-12-13,296.5460315416262,0.009243372444939002,0.009243372444939002,0.0,0.0
2024-01-16,299.23383560668134,0.009063699322099605,0.009063699322099605,0.0,0.0
2024-02-16,301.8814675382624,0.00884803660726785,0.00884803660726785,0.0,0.0
2024-03-18,304.4545098399392,0.008523352965847941,0.008523352965847941,0.0,0.0
2024-04-17,307.01647502425317,0.008414935898505504,0.008414935898505504,0.0,0.0
2024-05-17,309.55831522533924,0.008279165477635297,0.008279165477635297,0.0,0.0
2024-06-18,312.12119974206803,0.008279165477635964,0.008279165477635964,0.0,0.0
2024-07-17,314.70530280381075,0.00827916547763552,0.00827916547763552,0.0,0.0
2024-08-15,317.31080008241287,0.00827916547763552,0.00827916547763552,0.0,0.0
2024-09-13,319.98669475275227,0.008433040002560288,0.008433040002560288,0.0,0.0
2024-10-14,322.71405429650474,0.008523352965847053,0.008523352965847053,0.0,0.0
2024-11-12,325.58101245645946,0.008883896197841468,0.008883896197841468,0.0,0.0
2024-12-13,328.70703158000697,0.009601355742345552,0.009601355742345552,0.0,0.0
2025-01-17,332.00336631374523,0.010028184422747666,0.010028184422747666,0.0,0.0
2025-02-17,335.4390780337533,0.010348424349291951,0.010348424349291951,0.0,0.0
2025-03-20,339.1589809708724,0.011089652878025102,0.011089652878025102,0.0,0.0
2025-04-22,342.9796063867251,0.011264998511659075,0.011264998511659075,0.0,0.0
2025-05-22,346.9124363016484,0.011466658196840118,0.011466658196840118,0.0,0.0
2025-06-23,350.95103872510714,0.011641561387978117,0.011641561387978117,0.0,0.0
2025-07-22,355.0366567865999,0.01164156138797745,0.01164156138797745,0.0,0.0
2025-08-20,359.1698378215635,0.011641561387977672,0.011641561387977672,0.0,0.0
2025-09-18,363.35113553727297,0.011641561387977006,0.011641561387977006,0.0,0.0
2025-10-17,367.5811100870216,0.011641561387977895,0.011641561387977895,0.0,0.0
2025-11-17,371.8603281451605,0.011641561387977228,0.011641561387977228,0.0,0.0
2025-12-17,376.189362983016,0.011641561387977895,0.011641561387977895,0.0,0.0
2026-01-21,380.568794545687,0.011641561387977672,0.011641561387977672,0.0,0.0
2026-02-23,384.9892243915305,0.011615323981359227,0.011615323981359227,0.0,0.0
2026-03-24,389.4003977505116,0.011457913831102395,0.011457913831102395,0.0,0.0
2026-04-24,393.8041650346838,0.011309098063617462,0.011309098063617462,0.0,0.0
2026-05-26,398.2266528044419,0.01123017012623162,0.01123017012623162,0.0,0.0
