alert_drawdown,severe_drawdown,alert_volatility,severe_volatility,alert_equity_cap,severe_equity_cap,recovery_days,cost_bps,volatility_window,peak_window,train_cagr,train_max_drawdown,train_score,holdout_cumulative_return,holdout_cagr,holdout_annual_volatility,holdout_sharpe_excess_cdi,holdout_max_drawdown,holdout_overlay_turnover
0.08,0.18,0.25,0.45,0.5,0.2,5,10.0,20,126,0.14728279127546995,-0.263483624247306,0.08141188521364345,1.881293634276366,0.16320258850270108,0.1648669795217634,0.48624559896743325,-0.2043364034446593,12.999999999999998
0.08,0.18,0.25,0.45,0.5,0.2,10,10.0,20,126,0.14912665749269327,-0.2692902663474327,0.0818040909058351,1.871392508887928,0.1626307217523757,0.1610369313930074,0.49087794913882876,-0.2043364034446592,9.9
0.08,0.18,0.25,0.45,0.5,0.2,20,10.0,20,126,0.13478908932433042,-0.2679390200104266,0.06780433432172378,1.9362068268802686,0.1663440103927154,0.15389409343423832,0.5274592703651596,-0.2043364034446592,7.65000000007836
0.08,0.18,0.25,0.45,0.5,0.25,5,10.0,20,126,0.14624582346793136,-0.26234756666454073,0.08065893180179617,1.8703044912695854,0.16256777727141047,0.1668715318563481,0.47909467694224406,-0.2219965653147259,12.599999999999998
0.08,0.18,0.25,0.45,0.5,0.25,10,10.0,20,126,0.14770569907404307,-0.26719564074369717,0.08090678888811878,1.869109852947871,0.16249864096196287,0.1631445238425333,0.4859446771550729,-0.221996565314726,9.599999999999998
0.08,0.18,0.25,0.45,0.5,0.25,20,10.0,20,126,0.13445836181883353,-0.26605579874907226,0.06794441213156546,1.9218796850919908,0.16552928446978887,0.15618399379884584,0.5174729260858644,-0.22199656531472578,7.350000000078361
0.08,0.18,0.25,0.45,0.5,0.35,5,10.0,20,126,0.14410883351386627,-0.26009084492077794,0.07908612228367179,1.843981317121521,0.16103864928561484,0.1721003439323823,0.4619990978430189,-0.2569379461564655,11.799999999999999
0.08,0.18,0.25,0.45,0.5,0.35,10,10.0,20,126,0.14479484230008888,-0.2630106856975031,0.07904217087571311,1.859931784678218,0.16196666170692886,0.1686344852950509,0.4728502141769473,-0.2569379461564656,9.0
0.08,0.18,0.25,0.45,0.5,0.35,20,10.0,20,126,0.1336976643083445,-0.2623101638433867,0.06812012334749784,1.8885918976737797,0.1636230423800369,0.16213043040715425,0.494154520024184,-0.25693794615646526,6.750000000078361
0.08,0.18,0.25,0.45,0.55,0.2,5,10.0,20,126,0.15291119008251775,-0.27345514499926404,0.08454740383270173,1.9521582884657231,0.16724710555246824,0.16824385735235367,0.5007986048152745,-0.20828485261369845,11.599999999999998
0.08,0.18,0.25,0.45,0.55,0.2,10,10.0,20,126,0.15591127991355203,-0.28013170744658433,0.08587835305190594,1.9442605112283302,0.16680049551340126,0.16479990617008464,0.5054725977581896,-0.2082848526136981,8.899999999999999
0.08,0.18,0.25,0.45,0.55,0.2,20,10.0,20,126,0.14164765829090786,-0.2785636945015948,0.07200673466550916,2.0458816945241582,0.17247033021814362,0.15850955162896793,0.550246278472601,-0.20828485261369856,6.90000000007836
0.08,0.18,0.25,0.45,0.55,0.25,5,10.0,20,126,0.15186910501797524,-0.27233452751532283,0.08378547313914453,1.9408975743451182,0.16661001360262673,0.17020902158146156,0.49373279132340336,-0.22585769407312029,11.199999999999996
0.08,0.18,0.25,0.45,0.55,0.25,10,10.0,20,126,0.15448192166594366,-0.2780681817525664,0.08496487622780205,1.941918530854803,0.16666786187550198,0.16686034173851014,0.5006079239193535,-0.2258576940731204,8.599999999999998
0.08,0.18,0.25,0.45,0.55,0.25,20,10.0,20,126,0.14131491537136087,-0.27670782856299947,0.072137958230611,2.0310182661299394,0.17165126241980388,0.16073407568648482,0.5404419687352018,-0.22585769407312062,6.60000000007836
0.08,0.18,0.25,0.45,0.55,0.35,5,10.0,20,126,0.14972157114131557,-0.27010847827201756,0.08219445157331118,1.9139243733837543,0.16507541879243326,0.17533906533402036,0.4767955025351699,-0.26062628650260056,10.399999999999997
0.08,0.18,0.25,0.45,0.55,0.35,10,10.0,20,126,0.15155385804684873,-0.27394536334187736,0.0830675172113794,1.9325047089087923,0.16613381314248277,0.1722326101067916,0.48766226509869415,-0.2606262865026008,7.999999999999998
0.08,0.18,0.25,0.45,0.55,0.35,20,10.0,20,126,0.1405495871854776,-0.27301660284939866,0.07229543647312794,1.9964848102888397,0.16973487964233325,0.16651880986891693,0.5174430658997494,-0.2606262865026009,6.00000000007836
0.08,0.18,0.25,0.45,0.65,0.2,5,10.0,20,126,0.16717197456787458,-0.29309862191939795,0.0938973190880251,2.0735954814253037,0.17398842660827185,0.17355507350842783,0.5244255702381311,-0.2161774033554945,9.799999999999999
0.08,0.18,0.25,0.45,0.65,0.2,10,10.0,20,126,0.17002544835043243,-0.30143537096457285,0.09466660560928922,2.0231422131377457,0.17121584624697683,0.1705060598745062,0.5166715367902126,-0.21617740335549473,7.6999999999999975
0.08,0.18,0.25,0.45,0.65,0.2,20,10.0,20,126,0.15524034327571812,-0.29944179131040516,0.08037989544811683,2.1707428933898893,0.17921890348385228,0.16538102706685834,0.5693588653299725,-0.21617740335549462,6.200000000078361
0.08,0.18,0.25,0.45,0.65,0.25,5,10.0,20,126,0.16611691179477894,-0.2920084176477037,0.09311480738285302,2.0618688622562376,0.17334750766193596,0.17546148617853952,0.5174829732730692,-0.2335756910943042,9.399999999999997
0.08,0.18,0.25,0.45,0.65,0.25,10,10.0,20,126,0.16857858801755254,-0.2994329560549478,0.0937203490038156,2.0207346186653843,0.17108255183713772,0.17249907877239987,0.5120346052877266,-0.2335756910943041,7.399999999999999
0.08,0.18,0.25,0.45,0.65,0.25,20,10.0,20,126,0.1549036060957345,-0.29763967893659615,0.08049368636158546,2.15526780701839,0.17839499561389172,0.16751498222749808,0.560006141500085,-0.23357569109430398,5.900000000078361
0.08,0.18,0.25,0.45,0.65,0.35,5,10.0,20,126,0.16394263910132167,-0.2898427856369298,0.09148194269208923,2.033780678825835,0.17180374869752058,0.1804436702618428,0.5007753501086168,-0.2679988796612104,8.599999999999998
0.08,0.18,0.25,0.45,0.65,0.35,10,10.0,20,126,0.1656146737102433,-0.2954322350252274,0.09175661495393644,2.0110627534812395,0.170546157913664,0.1777023714540151,0.49963019483951,-0.26799887966121083,6.799999999999999
0.08,0.18,0.25,0.45,0.65,0.35,20,10.0,20,126,0.1541291005754839,-0.29405536795147513,0.08061525858761512,2.119313950442479,0.17646732495905249,0.17307449344050274,0.5379547691642083,-0.2679988796612104,5.300000000078361
0.08,0.18,0.3,0.5,0.5,0.2,5,10.0,20,126,0.16615270769414892,-0.26348362424730576,0.10028180163232248,1.8750862499225098,0.16284426130513485,0.16620894598754055,0.4817680355970403,-0.20433640344465942,13.5
0.08,0.18,0.3,0.5,0.5,0.2,10,10.0,20,126,0.15412018992137155,-0.26929026634743325,0.08679762333451324,1.9433828054374604,0.16675079890089783,0.16429902000332375,0.5062240108783431,-0.20433640344465942,10.4
0.08,0.18,0.3,0.5,0.5,0.2,20,10.0,20,126,0.13402462670005932,-0.2679390200104267,0.06703987169745265,1.9704677321195354,0.1682785570167078,0.15734079565012674,0.5299812231410269,-0.2043364034446593,8.1
0.08,0.18,0.3,0.5,0.5,0.25,5,10.0,20,126,0.1650986843742237,-0.26234756666454107,0.09951179270808844,1.8641207816407097,0.1622096456288853,0.16819750525894395,0.4747727255402921,-0.221996565314726,13.099999999999998
0.08,0.18,0.3,0.5,0.5,0.25,10,10.0,20,126,0.15269305672477285,-0.26719564074369806,0.08589414653884833,1.9410429197464842,0.16661825004866904,0.16636526927536607,0.5013177634512436,-0.2219965653147259,10.099999999999998
0.08,0.18,0.3,0.5,0.5,0.25,20,10.0,20,126,0.13369412199262998,-0.2660557987490715,0.0671801723053621,1.9559734151708854,0.16746247975552286,0.15958126484934376,0.5203357922949059,-0.221996565314726,7.799999999999999
0.08,0.18,0.3,0.5,0.5,0.35,5,10.0,20,126,0.16292654631009684,-0.2600908449207785,0.09790383507990222,1.8378543174570314,0.16068098869443692,0.17338633364850267,0.4580439119986756,-0.25693794615646537,12.299999999999999
0.08,0.18,0.3,0.5,0.5,0.35,10,10.0,20,126,0.14976955081627685,-0.26301068569750286,0.08401687939190114,1.9316347429652168,0.166084385590078,0.17175226843144856,0.48827046703140586,-0.2569379461564657,9.5
0.08,0.18,0.3,0.5,0.5,0.35,20,10.0,20,126,0.13293393693403255,-0.26231016384338646,0.06735639597318593,1.9222972117460255,0.16555307589345758,0.1654056498918547,0.4977608721880768,-0.2569379461564656,7.199999999999999
0.08,0.18,0.3,0.5,0.55,0.2,5,10.0,20,126,0.1692424459342894,-0.27345514499926404,0.10087865968447338,1.945762765484095,0.16688552524845557,0.16943003836133042,0.496612361142237,-0.20828485261369845,11.999999999999996
0.08,0.18,0.3,0.5,0.55,0.2,10,10.0,20,126,0.16009014067354377,-0.28013170744658444,0.09005721381189766,2.007556046655001,0.1703513139202273,0.16772643671649537,0.517946598100969,-0.20828485261369845,9.299999999999997
0.08,0.18,0.3,0.5,0.55,0.2,20,10.0,20,126,0.14058315518911502,-0.2785636945015948,0.07094223156371632,2.0771111406268323,0.1741801667473657,0.16159093951471504,0.5519369729961832,-0.20828485261369845,7.299999999999998
0.08,0.18,0.3,0.5,0.55,0.25,5,10.0,20,126,0.1681855994918069,-0.27233452751532305,0.10010196761297613,1.9345264464497012,0.16624863065177076,0.17138160108542588,0.4896823541334705,-0.2258576940731204,11.599999999999996
0.08,0.18,0.3,0.5,0.55,0.25,10,10.0,20,126,0.1586556149972611,-0.27806818175256665,0.08913856955911945,2.005163718528261,0.1702182766503768,0.16975133464154177,0.513121910760634,-0.2258576940731205,8.999999999999998
0.08,0.18,0.3,0.5,0.55,0.25,20,10.0,20,126,0.1402507225280505,-0.27670782856299936,0.07107376538730065,2.0620953173983776,0.17335990448635563,0.16377363146954504,0.5424329156395297,-0.2258576940731204,6.999999999999998
0.08,0.18,0.3,0.5,0.55,0.35,5,10.0,20,126,0.16600764529700784,-0.27010847827201734,0.09848052572900351,1.9076116799317977,0.16471451121586145,0.1764775611691729,0.4730667540616832,-0.26062628650260045,10.799999999999997
0.08,0.18,0.3,0.5,0.55,0.35,10,10.0,20,126,0.15571696581647743,-0.27394536334187747,0.08723062498100806,1.9955475188041127,0.16968260269515434,0.17503485620523532,0.5002598702398154,-0.26062628650260034,8.399999999999999
0.08,0.18,0.3,0.5,0.55,0.35,20,10.0,20,126,0.13948610795483218,-0.27301660284939866,0.07123195724248252,2.027207789795436,0.17144072701021096,0.16945466745621968,0.5200970381601804,-0.26062628650260067,6.399999999999998
0.08,0.18,0.3,0.5,0.65,0.2,5,10.0,20,126,0.17924709493717406,-0.2930986219193983,0.10597243945732449,2.0669940402671507,0.17362788289167752,0.1744190475570554,0.5208969583627793,-0.21617740335549473,9.999999999999998
0.08,0.18,0.3,0.5,0.65,0.2,10,10.0,20,126,0.17361582296029954,-0.3014353709645726,0.09825698021915638,2.0669022458251116,0.17362286476750155,0.17275433111125035,0.5242410715015698,-0.2161774033554945,7.899999999999998
0.08,0.18,0.3,0.5,0.65,0.2,20,10.0,20,126,0.1551897929408803,-0.2994417913104048,0.0803293451132791,2.194562344612463,0.18048036242791032,0.16774960078848652,0.570122224480825,-0.2161774033554945,6.499999999999998
0.08,0.18,0.3,0.5,0.65,0.25,5,10.0,20,126,0.1781811168831593,-0.29200841764770336,0.10517901247123346,2.0552926074268987,0.17298716077803067,0.17631611798326205,0.5140537899458448,-0.2335756910943041,9.599999999999998
0.08,0.18,0.3,0.5,0.65,0.25,10,10.0,20,126,0.17216452274911553,-0.2994329560549477,0.09730628373537861,2.0644598013836037,0.1734892964183068,0.17472169334222762,0.5196538456582295,-0.23357569109430398,7.599999999999999
0.08,0.18,0.3,0.5,0.65,0.25,20,10.0,20,126,0.15485307049564612,-0.2976396789365964,0.08044315076149702,2.1789710053382825,0.17965557318982617,0.16985381317007012,0.5609886837094855,-0.2335756910943042,6.1999999999999975
0.08,0.18,0.3,0.5,0.65,0.35,5,10.0,20,126,0.175984349985711,-0.28984278563693,0.1035236535764785,2.0272647515481377,0.17144387591760268,0.18127481320716585,0.4975836803103085,-0.2679988796612106,8.799999999999997
0.08,0.18,0.3,0.5,0.65,0.35,10,10.0,20,126,0.16919151328691906,-0.29543223502522764,0.09533345453061215,2.0546479357936884,0.1729518001274848,0.17986067311670317,0.5073638811929196,-0.26799887966121017,6.999999999999998
0.08,0.18,0.3,0.5,0.65,0.35,20,10.0,20,126,0.15407859886575714,-0.29405536795147524,0.08056475687788833,2.1427470539732996,0.1777258404264319,0.17533920585788432,0.5394284479345665,-0.2679988796612106,5.599999999999998
0.08,0.18,0.35,0.55,0.5,0.2,5,10.0,20,126,0.15954768568464717,-0.26348362424730576,0.09367677962282073,2.005381847768999,0.1702304105689969,0.16693329019008749,0.5189575412109697,-0.20433640344465942,12.099999999999998
0.08,0.18,0.35,0.55,0.5,0.2,10,10.0,20,126,0.15828352303579707,-0.26929026634743347,0.0909609564489387,2.0003371102044327,0.1699495925978889,0.16511406426133612,0.5213924430921595,-0.20433640344465942,10.4
0.08,0.18,0.35,0.55,0.5,0.2,20,10.0,20,126,0.14932414328792842,-0.26793902001042613,0.08233938828532189,2.003179893890082,0.17010788737529214,0.1581664832362764,0.5380987960285117,-0.2043364034446593,8.6
0.08,0.18,0.35,0.55,0.5,0.25,5,10.0,20,126,0.15849963229231467,-0.2623475666645403,0.0929127406261796,1.9939194370926878,0.1695917639435769,0.16891335594621779,0.511580810474359,-0.221996565314726,11.699999999999998
0.08,0.18,0.35,0.55,0.5,0.25,10,10.0,20,126,0.15685124164844044,-0.26719564074369806,0.09005233146251593,1.9979519478465928,0.16981668034635233,0.1671702238018394,0.5163540249630276,-0.2219965653147259,10.099999999999998
0.08,0.18,0.35,0.55,0.5,0.25,20,10.0,20,126,0.1489891796277265,-0.2660557987490715,0.08247522994045864,1.9885259588329105,0.16929053227253332,0.16039543429892308,0.5284276602031441,-0.221996565314726,8.299999999999999
0.08,0.18,0.35,0.55,0.5,0.35,5,10.0,20,126,0.15633979709352053,-0.2600908449207786,0.09131708586332588,1.9664626070011213,0.16805339729247337,0.17408091373357354,0.49388567574705405,-0.25693794615646537,10.9
0.08,0.18,0.35,0.55,0.5,0.35,10,10.0,20,126,0.15391718958620326,-0.26301068569750286,0.08816451816182755,1.9883617233320998,0.1692813522313683,0.1725320606158064,0.5029721184891323,-0.2569379461564657,9.5
0.08,0.18,0.35,0.55,0.5,0.35,20,10.0,20,126,0.14821873865083557,-0.26231016384338635,0.08264119768998898,1.9544788975117182,0.16737813860086215,0.1661913171263329,0.5057667055046526,-0.2569379461564656,7.699999999999999
0.08,0.18,0.35,0.55,0.55,0.2,5,10.0,20,126,0.16472031237901108,-0.27345514499926427,0.09635652612919501,2.0625616273964194,0.1733854292002619,0.17005245782500983,0.5286209027350345,-0.20828485261369845,10.799999999999997
0.08,0.18,0.35,0.55,0.55,0.2,10,10.0,20,126,0.16466183225219289,-0.2801317074465841,0.09462890539054686,2.059268768917787,0.1732051145185054,0.16841756959428275,0.5312092206208486,-0.20828485261369845,9.299999999999997
0.08,0.18,0.35,0.55,0.55,0.2,20,10.0,20,126,0.15444775217073592,-0.2785636945015939,0.08480682854533744,2.1061042251832283,0.1757542977674702,0.16230072294972872,0.558626647243025,-0.20828485261369845,7.699999999999998
0.08,0.18,0.35,0.55,0.55,0.25,5,10.0,20,126,0.16366755337004335,-0.27233452751532183,0.09558392149121289,2.0508797907220324,0.1727449869087816,0.1719969874731415,0.521374697864536,-0.2258576940731204,10.399999999999999
0.08,0.18,0.35,0.55,0.55,0.25,10,10.0,20,126,0.16322165338679717,-0.2780681817525663,0.0937046079486556,2.056835306462005,0.1730717528487613,0.17043424258227982,0.5262721172184073,-0.2258576940731205,8.999999999999998
0.08,0.18,0.35,0.55,0.55,0.25,20,10.0,20,126,0.1541112785549641,-0.27670782856299936,0.08493432141421425,2.090946920216668,0.17493293584534686,0.16447400837025403,0.5491063080559434,-0.2258576940731204,7.399999999999999
0.08,0.18,0.35,0.55,0.55,0.35,5,10.0,20,126,0.1614980225777467,-0.2701084782720178,0.09397090300974226,2.022897859483751,0.17120232196539242,0.17707529499482771,0.5039564755364183,-0.26062628650260045,9.599999999999998
0.08,0.18,0.35,0.55,0.55,0.35,10,10.0,20,126,0.16027142355616442,-0.2739453633418768,0.09178508272069522,2.0470537632304278,0.1725347726988644,0.1756972021232961,0.5131252131603641,-0.26062628650260034,8.399999999999999
0.08,0.18,0.35,0.55,0.55,0.35,20,10.0,20,126,0.15333736954945953,-0.2730166028493979,0.08508321883711006,2.0557306761678436,0.17301118547887118,0.17013168324316744,0.5267120599736127,-0.26062628650260067,6.799999999999997
0.08,0.18,0.35,0.55,0.65,0.2,5,10.0,20,126,0.17897112624106581,-0.2930986219193984,0.10569647076121622,2.154202544187625,0.17833815271156594,0.1748276521650948,0.5433746781506857,-0.21617740335549473,9.199999999999998
0.08,0.18,0.35,0.55,0.65,0.2,10,10.0,20,126,0.17905002846082008,-0.30143537096457307,0.10369118571967681,2.1065643243864303,0.17577917639527652,0.1731874746425026,0.5341356662785667,-0.2161774033554945,7.899999999999998
0.08,0.18,0.35,0.55,0.65,0.2,20,10.0,20,126,0.16616102433306335,-0.29944179131040505,0.09130057650546208,2.214622244061907,0.18153648010371137,0.16822593050799986,0.5743895307250402,-0.2161774033554945,6.699999999999998
0.08,0.18,0.35,0.55,0.65,0.25,5,10.0,20,126,0.17790539764840263,-0.2920084176477038,0.10490329323647668,2.14216838671919,0.17769485910649663,0.17672035669682493,0.5363197233299102,-0.2335756910943041,8.799999999999997
0.08,0.18,0.35,0.55,0.65,0.25,10,10.0,20,126,0.1775920082792366,-0.2994329560549476,0.10273376926549971,2.1040902935376984,0.17564536263932307,0.1751499615425761,0.5294635150947468,-0.23357569109430398,7.599999999999999
0.08,0.18,0.35,0.55,0.65,0.25,20,10.0,20,126,0.16582110391994265,-0.29763967893659604,0.09141118418579364,2.198933000704343,0.18071095296729256,0.17032426645573218,0.5652483785647553,-0.2335756910943042,6.399999999999998
0.08,0.18,0.35,0.55,0.65,0.35,5,10.0,20,126,0.1757091448407484,-0.2898427856369298,0.10324844843151595,2.113343572206919,0.17614538038495797,0.181668058041834,0.5193109976604378,-0.2679988796612106,7.999999999999998
0.08,0.18,0.35,0.55,0.65,0.35,10,10.0,20,126,0.17460523286053387,-0.29543223502522775,0.10074717410422693,2.094151538026708,0.1751068787999983,0.18027671379094146,0.5169585492397614,-0.26799887966121017,6.999999999999998
0.08,0.18,0.35,0.55,0.65,0.35,20,10.0,20,126,0.16503927686888398,-0.2940553679514749,0.09152543488101525,2.162481585059855,0.178779493766978,0.17579499576356677,0.5436584268779456,-0.2679988796612106,5.799999999999997
0.08,0.18,0.4,0.6000000000000001,0.5,0.2,5,10.0,20,126,0.16344264884143822,-0.2634836242473063,0.09757174277961164,2.005381847768999,0.1702304105689969,0.16693329019008749,0.5189575412109697,-0.20433640344465942,12.099999999999998
0.08,0.18,0.4,0.6000000000000001,0.5,0.2,10,10.0,20,126,0.16863201656332438,-0.26929026634743325,0.10130944997646607,2.0003371102044327,0.1699495925978889,0.16511406426133612,0.5213924430921595,-0.20433640344465942,10.4
0.08,0.18,0.4,0.6000000000000001,0.5,0.2,20,10.0,20,126,0.1513036196346842,-0.26793902001042635,0.0843188646320776,2.003179893890082,0.17010788737529214,0.1581664832362764,0.5380987960285117,-0.2043364034446593,8.6
0.08,0.18,0.4,0.6000000000000001,0.5,0.25,5,10.0,20,126,0.16239107499936534,-0.26234756666454073,0.09680418333323015,1.9939194370926878,0.1695917639435769,0.16891335594621779,0.511580810474359,-0.221996565314726,11.699999999999998
0.08,0.18,0.4,0.6000000000000001,0.5,0.25,10,10.0,20,126,0.1671869386936109,-0.26719564074369806,0.10038802850768638,1.9979519478465928,0.16981668034635233,0.1671702238018394,0.5163540249630276,-0.2219965653147259,10.099999999999998
0.08,0.18,0.4,0.6000000000000001,0.5,0.25,20,10.0,20,126,0.15096807906791754,-0.26605579874907204,0.08445412938064953,1.9885259588329105,0.16929053227253332,0.16039543429892308,0.5284276602031441,-0.221996565314726,8.299999999999999
0.08,0.18,0.4,0.6000000000000001,0.5,0.35,5,10.0,20,126,0.160223984835012,-0.2600908449207785,0.09520127360481737,1.9664626070011213,0.16805339729247337,0.17408091373357354,0.49388567574705405,-0.25693794615646537,10.9
0.08,0.18,0.4,0.6000000000000001,0.5,0.35,10,10.0,20,126,0.16422667282605663,-0.2630106856975024,0.09847400140168103,1.9883617233320998,0.1692813522313683,0.1725320606158064,0.5029721184891323,-0.2569379461564657,9.5
0.08,0.18,0.4,0.6000000000000001,0.5,0.35,20,10.0,20,126,0.15019631116363374,-0.2623101638433869,0.08461877020278702,1.9544788975117182,0.16737813860086215,0.1661913171263329,0.5057667055046526,-0.2569379461564656,7.699999999999999
0.08,0.18,0.4,0.6000000000000001,0.55,0.2,5,10.0,20,126,0.16784085016451988,-0.2734551449992647,0.0994770639147037,2.0625616273964194,0.1733854292002619,0.17005245782500983,0.5286209027350345,-0.20828485261369845,10.799999999999997
0.08,0.18,0.4,0.6000000000000001,0.55,0.2,10,10.0,20,126,0.17297087483457374,-0.28013170744658455,0.1029379479729276,2.059268768917787,0.1732051145185054,0.16841756959428275,0.5312092206208486,-0.20828485261369845,9.299999999999997
0.08,0.18,0.4,0.6000000000000001,0.55,0.2,20,10.0,20,126,0.1560324768459176,-0.2785636945015939,0.08639155322051911,2.1061042251832283,0.1757542977674702,0.16230072294972872,0.558626647243025,-0.20828485261369845,7.699999999999998
0.08,0.18,0.4,0.6000000000000001,0.55,0.25,5,10.0,20,126,0.16678527058632953,-0.2723345275153227,0.09870163870749885,2.0508797907220324,0.1727449869087816,0.1719969874731415,0.521374697864536,-0.2258576940731204,10.399999999999999
0.08,0.18,0.4,0.6000000000000001,0.55,0.25,10,10.0,20,126,0.1715204213064505,-0.278068181752566,0.10200337586830902,2.056835306462005,0.1730717528487613,0.17043424258227982,0.5262721172184073,-0.2258576940731205,8.999999999999998
0.08,0.18,0.4,0.6000000000000001,0.55,0.25,20,10.0,20,126,0.15569554134866204,-0.27670782856299847,0.08651858420791242,2.090946920216668,0.17493293584534686,0.16447400837025403,0.5491063080559434,-0.2258576940731204,7.399999999999999
0.08,0.18,0.4,0.6000000000000001,0.55,0.35,5,10.0,20,126,0.16460992715151046,-0.2701084782720181,0.09708280758350593,2.022897859483751,0.17120232196539242,0.17707529499482771,0.5039564755364183,-0.26062628650260045,9.599999999999998
0.08,0.18,0.4,0.6000000000000001,0.55,0.35,10,10.0,20,126,0.16854914366209894,-0.273945363341877,0.10006280282662969,2.0470537632304278,0.1725347726988644,0.1756972021232961,0.5131252131603641,-0.26062628650260034,8.399999999999999
0.08,0.18,0.4,0.6000000000000001,0.55,0.35,20,10.0,20,126,0.15492056998871395,-0.27301660284939977,0.08666641927636401,2.0557306761678436,0.17301118547887118,0.17013168324316744,0.5267120599736127,-0.26062628650260067,6.799999999999997
0.08,0.18,0.4,0.6000000000000001,0.65,0.2,5,10.0,20,126,0.18054106769676204,-0.2930986219193982,0.1072664122169125,2.154202544187625,0.17833815271156594,0.1748276521650948,0.5433746781506857,-0.21617740335549473,9.199999999999998
0.08,0.18,0.4,0.6000000000000001,0.65,0.2,10,10.0,20,126,0.1832404194539199,-0.30143537096457274,0.1078815767127767,2.1065643243864303,0.17577917639527652,0.1731874746425026,0.5341356662785667,-0.2161774033554945,7.899999999999998
0.08,0.18,0.4,0.6000000000000001,0.65,0.2,20,10.0,20,126,0.16695545364308773,-0.2994417913104047,0.09209500581548655,2.214622244061907,0.18153648010371137,0.16822593050799986,0.5743895307250402,-0.2161774033554945,6.699999999999998
0.08,0.18,0.4,0.6000000000000001,0.65,0.25,5,10.0,20,126,0.17947391995865836,-0.2920084176477037,0.10647181554673243,2.14216838671919,0.17769485910649663,0.17672035669682493,0.5363197233299102,-0.2335756910943041,8.799999999999997
0.08,0.18,0.4,0.6000000000000001,0.65,0.25,10,10.0,20,126,0.1817772174102532,-0.29943295605494746,0.10691897839651635,2.1040902935376984,0.17564536263932307,0.1751499615425761,0.5294635150947468,-0.23357569109430398,7.599999999999999
0.08,0.18,0.4,0.6000000000000001,0.65,0.25,20,10.0,20,126,0.16661530166439942,-0.2976396789365958,0.09220538193025046,2.198933000704343,0.18071095296729256,0.17032426645573218,0.5652483785647553,-0.2335756910943042,6.399999999999998
0.08,0.18,0.4,0.6000000000000001,0.65,0.35,5,10.0,20,126,0.17727474257698095,-0.28984278563692956,0.10481404616774856,2.113343572206919,0.17614538038495797,0.181668058041834,0.5193109976604378,-0.2679988796612106,7.999999999999998
0.08,0.18,0.4,0.6000000000000001,0.65,0.35,10,10.0,20,126,0.17877982687216742,-0.2954322350252271,0.10492176811586065,2.094151538026708,0.1751068787999983,0.18027671379094146,0.5169585492397614,-0.26799887966121017,6.999999999999998
0.08,0.18,0.4,0.6000000000000001,0.65,0.35,20,10.0,20,126,0.16583294200565368,-0.29405536795147524,0.09231910001778487,2.162481585059855,0.178779493766978,0.17579499576356677,0.5436584268779456,-0.2679988796612106,5.799999999999997
0.1,0.2,0.25,0.45,0.5,0.2,5,10.0,20,126,0.1468730053655234,-0.26906858256323696,0.07960585972471415,1.5302140372325401,0.14181013711203372,0.17274229472504754,0.362599576259029,-0.2422014966886169,15.1
0.1,0.2,0.25,0.45,0.5,0.2,10,10.0,20,126,0.15951871540667084,-0.26609727688797946,0.09299439618467598,1.5932929730721206,0.14583386795413134,0.1678074808477796,0.3896116497903444,-0.2422014966886169,11.499999999999998
0.1,0.2,0.25,0.45,0.5,0.2,20,10.0,20,126,0.11951601476168672,-0.2886069626525374,0.04736427409855237,1.6466205680901145,0.14917065177353872,0.15982453397983123,0.41944632657723185,-0.2422014966886169,9.65000000007836
0.1,0.2,0.25,0.45,0.5,0.25,5,10.0,20,126,0.14838332966155754,-0.2679085452979294,0.08140619333707519,1.5652831402692886,0.14405762765634322,0.17430975388643427,0.37238796246487943,-0.25309491991281385,14.599999999999998
0.1,0.2,0.25,0.45,0.5,0.25,10,10.0,20,126,0.16011362439521903,-0.2645229095439313,0.0939828970092362,1.6157436528229678,0.14724574153122316,0.16945576133225143,0.39486814903312234,-0.2530949199128141,11.1
0.1,0.2,0.25,0.45,0.5,0.25,20,10.0,20,126,0.12150924282408782,-0.2858517004954124,0.05004631770023471,1.6790963231178861,0.15117457663012868,0.16164770344495064,0.4275048960190281,-0.2530949199128141,9.25000000007836
0.1,0.2,0.25,0.45,0.5,0.35,5,10.0,20,126,0.15133547724806995,-0.26559945517985983,0.08493561345310499,1.6334981409637281,0.14835494573436936,0.17842649320385642,0.3892919771199824,-0.27504594301046437,13.599999999999998
0.1,0.2,0.25,0.45,0.5,0.35,10,10.0,20,126,0.16124941911941337,-0.2613830670013094,0.09590365236908602,1.6577418121708267,0.14985925236246622,0.17377775329316172,0.402690212371739,-0.2750459430104646,10.299999999999999
0.1,0.2,0.25,0.45,0.5,0.35,20,10.0,20,126,0.12542558983853747,-0.28034107598575275,0.05534032084209928,1.741452173766664,0.15496458537428737,0.16641772633886723,0.44009736206561034,-0.27504594301046437,8.450000000078361
0.1,0.2,0.25,0.45,0.55,0.2,5,10.0,20,126,0.1468958950205861,-0.2784595196377402,0.07728101511115104,1.5631363375909975,0.1439208035884123,0.17595275033796504,0.36987944978548315,-0.2522416777641142,13.499999999999996
0.1,0.2,0.25,0.45,0.55,0.2,10,10.0,20,126,0.15988143006985078,-0.2765139286308578,0.09075294791213634,1.64621584938509,0.1491455458302373,0.17164457265293737,0.40183498655806643,-0.252241677764114,10.399999999999999
0.1,0.2,0.25,0.45,0.55,0.2,20,10.0,20,126,0.12291882489327399,-0.298234344321174,0.04836023881298049,1.6977975382940036,0.15231911159749956,0.16465380157162623,0.42883800414283485,-0.252241677764114,8.800000000078361
0.1,0.2,0.25,0.45,0.55,0.25,5,10.0,20,126,0.1484063086515388,-0.2773143363170868,0.07907772457226711,1.598662326274959,0.14617248510979342,0.17749154670149128,0.37948769850958985,-0.2629906258128696,12.999999999999996
0.1,0.2,0.25,0.45,0.55,0.25,10,10.0,20,126,0.16047652732808282,-0.2749618635436275,0.09173606144217594,1.6691250159895148,0.15056151984673982,0.17325612392119463,0.4069450343262098,-0.2629906258128699,9.999999999999996
0.1,0.2,0.25,0.45,0.55,0.25,20,10.0,20,126,0.1249181523157199,-0.29551627818993875,0.05103908276823521,1.730902550384522,0.1543286041763008,0.16642349603052722,0.4367002378526582,-0.2629906258128699,8.40000000007836
0.1,0.2,0.25,0.45,0.55,0.35,5,10.0,20,126,0.15138737548805237,-0.275034813300149,0.08262867216301512,1.6677661054851107,0.15047781925551607,0.18153553398550604,0.3960931656789961,-0.2846505397150826,11.999999999999996
0.1,0.2,0.25,0.45,0.55,0.35,10,10.0,20,126,0.16161268128863338,-0.27186649956053976,0.09364605639849843,1.7119809034237865,0.15318262323032483,0.17748514990462166,0.41452277772913004,-0.28465053971508214,9.2
0.1,0.2,0.25,0.45,0.55,0.35,20,10.0,20,126,0.12884648498069495,-0.29008004578252955,0.056326473535062566,1.7944667986212002,0.15812915143583517,0.17105927108914676,0.449037387773581,-0.28465053971508225,7.600000000078361
0.1,0.2,0.25,0.45,0.65,0.2,5,10.0,20,126,0.15549662833177536,-0.29695869892308446,0.08125695360100424,1.600916054152858,0.14631443733376703,0.18181630809355792,0.3755195421630078,-0.27213018415077206,11.499999999999996
0.1,0.2,0.25,0.45,0.65,0.2,10,10.0,20,126,0.16757237960808236,-0.296984703746237,0.09332620367152311,1.7110664275199423,0.15312706499295214,0.17840092932139553,0.41306454591144615,-0.2721301841507723,8.999999999999998
0.1,0.2,0.25,0.45,0.65,0.2,20,10.0,20,126,0.13378345394109736,-0.31718126720850426,0.0544881371389713,1.7131707938884344,0.15325489001923032,0.1728222764523809,0.42140819961050224,-0.2721301841507725,7.900000000078361
0.1,0.2,0.25,0.45,0.65,0.25,5,10.0,20,126,0.15701844084392524,-0.29584277860524344,0.08305774619261438,1.636966857394634,0.14857090351752622,0.1833053657100898,0.3848774462149859,-0.2825929514522162,10.999999999999996
0.1,0.2,0.25,0.45,0.65,0.25,10,10.0,20,126,0.16817147571311009,-0.2954764690370584,0.09430235845384549,1.734537692897634,0.1545479851877447,0.17995162754538552,0.4180235532598998,-0.2825929514522162,8.599999999999998
0.1,0.2,0.25,0.45,0.65,0.25,20,10.0,20,126,0.13580221838016637,-0.3145364081359716,0.05716811634617347,1.7464670462255194,0.15526617029420064,0.17450828163633125,0.4291837838019196,-0.2825929514522165,7.50000000007836
0.1,0.2,0.25,0.45,0.65,0.35,5,10.0,20,126,0.16002200704895375,-0.2936215042393927,0.08661663098910558,1.707091613605649,0.15288539161190817,0.18722279473321207,0.40112209252063785,-0.3036762264358088,9.999999999999996
0.1,0.2,0.25,0.45,0.65,0.35,10,10.0,20,126,0.1693152685308097,-0.292468518271195,0.09619813896301094,1.7784451812386783,0.15717824899049226,0.18402615372201933,0.42542844440694166,-0.3036762264358086,7.799999999999999
0.1,0.2,0.25,0.45,0.65,0.35,20,10.0,20,126,0.13976874500438563,-0.30924659000698396,0.06245709750263964,1.8103988499769366,0.1590701153726879,0.17893301953269383,0.44167938994512446,-0.3036762264358088,6.7000000000783615
0.1,0.2,0.3,0.5,0.5,0.2,5,10.0,20,126,0.17823376525641677,-0.26906858256323773,0.11096661961560733,1.5959724667725466,0.14600292471326992,0.17559100400240998,0.380769376906384,-0.24220149668861735,13.799999999999999
0.1,0.2,0.3,0.5,0.5,0.2,10,10.0,20,126,0.17718005144547644,-0.2660972768879797,0.11065573222348152,1.6634753141927692,0.15021329262037142,0.172491892222585,0.4061128806381529,-0.242201496688617,10.7
0.1,0.2,0.3,0.5,0.5,0.2,20,10.0,20,126,0.13348351605580056,-0.28860696265253705,0.06133177539266629,1.584057341500655,0.14525001638760537,0.16548853234430724,0.3896263678875314,-0.24220149668861712,8.799999999999999
0.1,0.2,0.3,0.5,0.5,0.25,5,10.0,20,126,0.17978538873499628,-0.26790854529792973,0.11280825241051384,1.6319529903876262,0.14825866816249156,0.17713304122660692,0.3902955445438577,-0.2530949199128144,13.3
0.1,0.2,0.3,0.5,0.5,0.25,10,10.0,20,126,0.17778402185530173,-0.26452290954393054,0.1116532944693191,1.6865335771519203,0.1516305624369545,0.17409566454030517,0.41117684229400264,-0.2530949199128142,10.299999999999999
0.1,0.2,0.3,0.5,0.5,0.25,20,10.0,20,126,0.1355016123783901,-0.2858517004954122,0.06403868725453704,1.6157654050637187,0.14724710443654576,0.16725009641035155,0.3978840784073751,-0.2530949199128143,8.399999999999999
0.1,0.2,0.3,0.5,0.5,0.35,5,10.0,20,126,0.18281826155541836,-0.26559945517985994,0.11641839776045337,1.701940849524362,0.15257176622124313,0.18118522252198188,0.40667423260229374,-0.27504594301046525,12.299999999999999
0.1,0.2,0.3,0.5,0.5,0.35,10,10.0,20,126,0.17893711656096944,-0.2613830670013094,0.11359134981064209,1.7296683335508773,0.15425406221521776,0.1783049049258926,0.4186649328681923,-0.2750459430104647,9.499999999999998
0.1,0.2,0.3,0.5,0.5,0.35,20,10.0,20,126,0.13946682120568843,-0.2803410759857521,0.06938155220925041,1.6766472313433032,0.15102418277530827,0.17186494246741665,0.4112596003902822,-0.2750459430104648,7.599999999999999
0.1,0.2,0.3,0.5,0.55,0.2,5,10.0,20,126,0.17311556433474173,-0.2784595196377403,0.10350068442530666,1.617291571082283,0.14734270343631484,0.17843710687234976,0.3842183145969218,-0.2522416777641141,12.299999999999997
0.1,0.2,0.3,0.5,0.55,0.2,10,10.0,20,126,0.17417567155702884,-0.27651392863085766,0.10504718939931443,1.7061108326640655,0.15282571219044883,0.17580573049319645,0.4149041979538805,-0.252241677764114,9.599999999999998
0.1,0.2,0.3,0.5,0.55,0.2,20,10.0,20,126,0.13378747813116965,-0.2982343443211757,0.059228892050875726,1.6419143560671294,0.14887850741830122,0.1697041924215919,0.4031050809948431,-0.2522416777641142,7.999999999999999
0.1,0.2,0.3,0.5,0.55,0.25,5,10.0,20,126,0.17466050816682555,-0.2773143363170869,0.10533192408755382,1.6535681707204555,0.1496011205888952,0.17995448612648474,0.39361812965997584,-0.2629906258128699,11.799999999999997
0.1,0.2,0.3,0.5,0.55,0.25,10,10.0,20,126,0.1747781027234494,-0.2749618635436276,0.1060376368375425,1.7295385299662103,0.15424622089793205,0.17737934401377717,0.4198654408487222,-0.2629906258128696,9.199999999999998
0.1,0.2,0.3,0.5,0.55,0.25,20,10.0,20,126,0.13580615690474018,-0.29551627818993886,0.06192708735725547,1.6743336186167657,0.15088200003711294,0.1714218619381085,0.41112647299986366,-0.2629906258128698,7.599999999999998
0.1,0.2,0.3,0.5,0.55,0.35,5,10.0,20,126,0.1777097264257972,-0.27503481330014845,0.10895102310076007,1.724132009328705,0.1539193336176783,0.18394399246542728,0.4098120117088014,-0.28465053971508225,10.799999999999997
0.1,0.2,0.3,0.5,0.55,0.35,10,10.0,20,126,0.1759282585109616,-0.27186649956053943,0.10796163362082675,1.7733644262007342,0.15687571842839754,0.18151206282304447,0.4271967757613541,-0.28465053971508225,8.399999999999999
0.1,0.2,0.3,0.5,0.55,0.35,20,10.0,20,126,0.13977251162847137,-0.29008004578252944,0.06725250018283901,1.736581173359255,0.15467119959039777,0.17592618132760351,0.42410407174806897,-0.2846505397150825,6.799999999999999
0.1,0.2,0.3,0.5,0.65,0.2,5,10.0,20,126,0.17248909176550042,-0.2969586989230846,0.09824941703472928,1.6310530540187762,0.14820257124234226,0.18352569155943155,0.38284193365549424,-0.27213018415077217,10.5
0.1,0.2,0.3,0.5,0.65,0.2,10,10.0,20,126,0.17629557258237272,-0.296984703746237,0.10204939664581347,1.7489705598204925,0.15541655025900813,0.1814755282143686,0.4202081511026111,-0.2721301841507725,8.2
0.1,0.2,0.3,0.5,0.65,0.2,20,10.0,20,126,0.1400685195958018,-0.31718126720850415,0.06077320279367576,1.673313223144493,0.15081925827317377,0.17664673676066747,0.4038761057904307,-0.27213018415077217,7.199999999999999
0.1,0.2,0.3,0.5,0.65,0.25,5,10.0,20,126,0.17403328369688076,-0.2958427786052439,0.10007258904556979,1.667521580489535,0.15046275412910726,0.18500089402450814,0.39208378429275925,-0.2825929514522164,9.999999999999998
0.1,0.2,0.3,0.5,0.65,0.25,10,10.0,20,126,0.1768991446676702,-0.2954764690370586,0.10303002740840556,1.7727699831286259,0.15684029163105784,0.1830000894993729,0.4250840316042289,-0.2825929514522163,7.799999999999999
0.1,0.2,0.3,0.5,0.65,0.25,20,10.0,20,126,0.14209847494350236,-0.31453640813597183,0.0634643729095094,1.7061203401363096,0.15282629079846566,0.17829664926149272,0.41173428133652756,-0.2825929514522161,6.799999999999998
0.1,0.2,0.3,0.5,0.65,0.35,5,10.0,20,126,0.177081019644735,-0.2936215042393929,0.10367564358488676,1.738458877253382,0.15478434876511793,0.18888297116414443,0.40810953593395605,-0.3036762264358086,8.999999999999998
0.1,0.2,0.3,0.5,0.65,0.35,10,10.0,20,126,0.17805148301594742,-0.2924685182711959,0.10493435344814844,1.817291353604829,0.15947577771190957,0.18700804057436465,0.4323683482265325,-0.30367622643580894,6.999999999999998
0.1,0.2,0.3,0.5,0.65,0.35,20,10.0,20,126,0.14608698978793044,-0.3092465900069843,0.06877534228618437,1.7691129599644042,0.15662220208539956,0.1826297595511218,0.42460669311680255,-0.3036762264358086,6.0
0.1,0.2,0.35,0.55,0.5,0.2,5,10.0,20,126,0.17355869800504653,-0.2690685825632376,0.10629155236423712,1.6982151059830324,0.15234458948700746,0.17665438156740781,0.41129830024168507,-0.24220149668861735,13.299999999999999
0.1,0.2,0.35,0.55,0.5,0.2,10,10.0,20,126,0.1786095819492175,-0.2660972768879799,0.11208526272722252,1.7331304649694967,0.1544630885907765,0.17362275196086208,0.4261950732461997,-0.242201496688617,11.099999999999998
0.1,0.2,0.35,0.55,0.5,0.2,20,10.0,20,126,0.14709337795869493,-0.28860696265253716,0.07494163729556064,1.6890580353719553,0.15178509365416892,0.1669380713948924,0.4223493453292816,-0.24220149668861712,8.799999999999999
0.1,0.2,0.35,0.55,0.5,0.25,5,10.0,20,126,0.17510416485807,-0.2679085452979292,0.10812702853358772,1.7356127261743008,0.15461281559963336,0.17818692242109757,0.42052539947754397,-0.2530949199128144,12.8
0.1,0.2,0.35,0.55,0.5,0.25,10,10.0,20,126,0.17921428580175092,-0.26452290954393043,0.11308355841576831,1.7567917471398657,0.15588559492096454,0.17521603655293147,0.43106822291092806,-0.2530949199128142,10.699999999999998
0.1,0.2,0.35,0.55,0.5,0.25,20,10.0,20,126,0.14913570578696334,-0.2858517004954134,0.07767278066310998,1.722054525713308,0.15379357757695433,0.16868420524244596,0.4302334870788851,-0.2530949199128143,8.399999999999999
0.1,0.2,0.35,0.55,0.5,0.35,5,10.0,20,126,0.1781250036621378,-0.2655994551798605,0.11172513986717267,1.8083570642500266,0.15894978115595904,0.18221509339982914,0.4361940275720436,-0.27504594301046525,11.799999999999999
0.1,0.2,0.35,0.55,0.5,0.35,10,10.0,20,126,0.18036878078943452,-0.26138306700130887,0.11502301403910731,1.8010545627870798,0.1585187879786023,0.17939872365634196,0.43810756201496914,-0.2750459430104647,9.899999999999999
0.1,0.2,0.35,0.55,0.5,0.35,20,10.0,20,126,0.15314852531507195,-0.2803410759857524,0.08306325631863384,1.7854102266631107,0.15759220885038872,0.17326028630125523,0.4427353997366781,-0.2750459430104648,7.599999999999999
0.1,0.2,0.35,0.55,0.55,0.2,5,10.0,20,126,0.17017044454454866,-0.27845951963773996,0.10055556463511367,1.7073955305675432,0.15290388085732154,0.179370075139554,0.4105574871167846,-0.2522416777641141,11.899999999999997
0.1,0.2,0.35,0.55,0.55,0.2,10,10.0,20,126,0.17654660807455325,-0.2765139286308578,0.1074181259168388,1.7658898996198866,0.15642978749987146,0.1767658598684061,0.43156428540272634,-0.252241677764114,9.999999999999996
0.1,0.2,0.35,0.55,0.55,0.2,20,10.0,20,126,0.14678005914324577,-0.29823434432117546,0.0722214730629519,1.7301999239698658,0.1542861717778914,0.17092211796841747,0.42938520919051065,-0.2522416777641142,7.999999999999999
0.1,0.2,0.35,0.55,0.55,0.25,5,10.0,20,126,0.1717115097778037,-0.27731433631708624,0.10238292569853213,1.7449210033921054,0.15517324457228399,0.180879373991159,0.4197062477525063,-0.2629906258128699,11.399999999999997
0.1,0.2,0.35,0.55,0.55,0.25,10,10.0,20,126,0.17715025569102116,-0.2749618635436274,0.10840978980511431,1.789835124093781,0.15785473713915055,0.17833088711792394,0.4363727262398449,-0.2629906258128696,9.599999999999998
0.1,0.2,0.35,0.55,0.55,0.25,20,10.0,20,126,0.14882187086545806,-0.2955162781899384,0.07494280131797346,1.763702549800613,0.15629909465025893,0.17262743233997427,0.4371196145253203,-0.2629906258128698,7.599999999999998
0.1,0.2,0.35,0.55,0.55,0.35,5,10.0,20,126,0.17475307294011433,-0.2750348133001488,0.10599436961507713,1.8179141018219735,0.15951238800723355,0.18484842289316544,0.43530376805530635,-0.28465053971508225,10.399999999999999
0.1,0.2,0.35,0.55,0.55,0.35,10,10.0,20,126,0.17830273391326212,-0.2718664995605393,0.1103361090231273,1.8346291518452351,0.1604924552592728,0.18244182941765077,0.4433447227739818,-0.28465053971508225,8.799999999999999
0.1,0.2,0.35,0.55,0.55,0.35,20,10.0,20,126,0.15283367783316337,-0.29008004578252955,0.08031366638753099,1.8280302479468213,0.16010612961367876,0.17710063027475756,0.44942648123843054,-0.2846505397150825,6.799999999999999
0.1,0.2,0.35,0.55,0.65,0.2,5,10.0,20,126,0.17301053368916497,-0.2969586989230847,0.0987708589583938,1.6958328216556229,0.1521991890395742,0.18418014087863457,0.4013148353473179,-0.27213018415077217,10.299999999999997
0.1,0.2,0.35,0.55,0.65,0.2,10,10.0,20,126,0.1806035208993424,-0.2969847037462372,0.1063573449627831,1.7876409305152716,0.15772460071388106,0.18207470929941236,0.4305676617413329,-0.2721301841507725,8.599999999999998
0.1,0.2,0.35,0.55,0.65,0.2,20,10.0,20,126,0.15192013474045596,-0.31718126720850415,0.07262481793832992,1.7246395061650985,0.15395004136283807,0.17738650536162606,0.41850340598317404,-0.27213018415077217,7.199999999999999
0.1,0.2,0.35,0.55,0.65,0.25,5,10.0,20,126,0.17455541237014227,-0.29584277860524333,0.10059471771883144,1.7331992481771747,0.15446723908094828,0.1856499652095171,0.41038895634324357,-0.2825929514522164,9.799999999999997
0.1,0.2,0.35,0.55,0.65,0.25,10,10.0,20,126,0.18120930344722264,-0.2954764690370588,0.10734018618795793,1.8117751455214686,0.1591511861398096,0.18359422413972198,0.435353517935241,-0.2825929514522163,8.2
0.1,0.2,0.35,0.55,0.65,0.25,20,10.0,20,126,0.1539711925474636,-0.3145364081359717,0.07533709051347068,1.7580765034706989,0.1559625339840105,0.17902946764455074,0.42621074884339544,-0.2825929514522161,6.799999999999998
0.1,0.2,0.35,0.55,0.65,0.35,5,10.0,20,126,0.17760450373981418,-0.2936215042393927,0.104199127679966,1.805883108581814,0.1588038761515147,0.18951839886846267,0.4260152010950746,-0.3036762264358086,8.799999999999999
0.1,0.2,0.35,0.55,0.65,0.35,10,10.0,20,126,0.18236586200525373,-0.292468518271195,0.10924873243745498,1.8569228078631923,0.1617919368456544,0.18758934279421194,0.4424255680272182,-0.30367622643580894,7.399999999999999
0.1,0.2,0.35,0.55,0.65,0.35,20,10.0,20,126,0.1580011701128794,-0.3092465900069844,0.0806895226111333,1.8222785502396825,0.1597687719793146,0.18334500037609902,0.43873149044879023,-0.3036762264358086,6.0
0.1,0.2,0.4,0.6000000000000001,0.5,0.2,5,10.0,20,126,0.175520237390417,-0.26906858256323773,0.10825309174960757,1.6982151059830324,0.15234458948700746,0.17665438156740781,0.41129830024168507,-0.24220149668861735,13.299999999999999
0.1,0.2,0.4,0.6000000000000001,0.5,0.2,10,10.0,20,126,0.1847267582631169,-0.2660972768879798,0.11820243904112196,1.7331304649694967,0.1544630885907765,0.17362275196086208,0.4261950732461997,-0.242201496688617,11.099999999999998
0.1,0.2,0.4,0.6000000000000001,0.5,0.2,20,10.0,20,126,0.14906901226730263,-0.2886069626525375,0.07691727160416825,1.6890580353719553,0.15178509365416892,0.1669380713948924,0.4223493453292816,-0.24220149668861712,8.799999999999999
0.1,0.2,0.4,0.6000000000000001,0.5,0.25,5,10.0,20,126,0.1770682874070313,-0.2679085452979294,0.11009115108254894,1.7356127261743008,0.15461281559963336,0.17818692242109757,0.42052539947754397,-0.2530949199128144,12.8
0.1,0.2,0.4,0.6000000000000001,0.5,0.25,10,10.0,20,126,0.18533460062745233,-0.2645229095439313,0.1192038732414695,1.7567917471398657,0.15588559492096454,0.17521603655293147,0.43106822291092806,-0.2530949199128142,10.699999999999998
0.1,0.2,0.4,0.6000000000000001,0.5,0.25,20,10.0,20,126,0.15111485758857057,-0.28585170049541286,0.07965193246471736,1.722054525713308,0.15379357757695433,0.16868420524244596,0.4302334870788851,-0.2530949199128143,8.399999999999999
0.1,0.2,0.4,0.6000000000000001,0.5,0.35,5,10.0,20,126,0.1800941753784755,-0.2655994551798596,0.1136943115835106,1.8083570642500266,0.15894978115595904,0.18221509339982914,0.4361940275720436,-0.27504594301046525,11.799999999999999
0.1,0.2,0.4,0.6000000000000001,0.5,0.35,10,10.0,20,126,0.18649508763276623,-0.26138306700130887,0.12114932088243902,1.8010545627870798,0.1585187879786023,0.17939872365634196,0.43810756201496914,-0.2750459430104647,9.899999999999999
0.1,0.2,0.4,0.6000000000000001,0.5,0.35,20,10.0,20,126,0.15513458837960226,-0.2803410759857534,0.0850493193831639,1.7854102266631107,0.15759220885038872,0.17326028630125523,0.4427353997366781,-0.2750459430104648,7.599999999999999
0.1,0.2,0.4,0.6000000000000001,0.55,0.2,5,10.0,20,126,0.1717251465953702,-0.2784595196377403,0.10211026668593512,1.7073955305675432,0.15290388085732154,0.179370075139554,0.4105574871167846,-0.2522416777641141,11.899999999999997
0.1,0.2,0.4,0.6000000000000001,0.55,0.2,10,10.0,20,126,0.1814183184358431,-0.276513928630857,0.11228983627812886,1.7658898996198866,0.15642978749987146,0.1767658598684061,0.43156428540272634,-0.252241677764114,9.999999999999996
0.1,0.2,0.4,0.6000000000000001,0.55,0.2,20,10.0,20,126,0.14835425828158977,-0.2982343443211751,0.07379567220129599,1.7301999239698658,0.1542861717778914,0.17092211796841747,0.42938520919051065,-0.2522416777641142,7.999999999999999
0.1,0.2,0.4,0.6000000000000001,0.55,0.25,5,10.0,20,126,0.1732682593058017,-0.2773143363170866,0.10393967522653005,1.7449210033921054,0.15517324457228399,0.180879373991159,0.4197062477525063,-0.2629906258128699,11.399999999999997
0.1,0.2,0.4,0.6000000000000001,0.55,0.25,10,10.0,20,126,0.18202446556769503,-0.2749618635436276,0.11328399968178812,1.789835124093781,0.15785473713915055,0.17833088711792394,0.4363727262398449,-0.2629906258128696,9.599999999999998
0.1,0.2,0.4,0.6000000000000001,0.55,0.25,20,10.0,20,126,0.15039887282394848,-0.29551627818993886,0.07651980327646377,1.763702549800613,0.15629909465025893,0.17262743233997427,0.4371196145253203,-0.2629906258128698,7.599999999999998
0.1,0.2,0.4,0.6000000000000001,0.55,0.35,5,10.0,20,126,0.17631386352427514,-0.2750348133001489,0.10755516019923791,1.8179141018219735,0.15951238800723355,0.18484842289316544,0.43530376805530635,-0.28465053971508225,10.399999999999999
0.1,0.2,0.4,0.6000000000000001,0.55,0.35,10,10.0,20,126,0.18318171584066367,-0.27186649956053943,0.11521509095052881,1.8346291518452351,0.1604924552592728,0.18244182941765077,0.4433447227739818,-0.28465053971508225,8.799999999999999
0.1,0.2,0.4,0.6000000000000001,0.55,0.35,20,10.0,20,126,0.1544161868485845,-0.29008004578252955,0.0818961754029521,1.8280302479468213,0.16010612961367876,0.17710063027475756,0.44942648123843054,-0.2846505397150825,6.799999999999999
0.1,0.2,0.4,0.6000000000000001,0.65,0.2,5,10.0,20,126,0.17377976852356536,-0.29695869892308446,0.09954009379279424,1.6958328216556229,0.1521991890395742,0.18418014087863457,0.4013148353473179,-0.27213018415077217,10.299999999999997
0.1,0.2,0.4,0.6000000000000001,0.65,0.2,10,10.0,20,126,0.1830343125963032,-0.2969847037462373,0.10878813665974388,1.7876409305152716,0.15772460071388106,0.18207470929941236,0.4305676617413329,-0.2721301841507725,8.599999999999998
0.1,0.2,0.4,0.6000000000000001,0.65,0.2,20,10.0,20,126,0.15270486266288663,-0.31718126720850415,0.0734095458607606,1.7246395061650985,0.15395004136283807,0.17738650536162606,0.41850340598317404,-0.27213018415077217,7.199999999999999
0.1,0.2,0.4,0.6000000000000001,0.65,0.25,5,10.0,20,126,0.17532566030243313,-0.29584277860524344,0.10136496565112227,1.7331992481771747,0.15446723908094828,0.1856499652095171,0.41038895634324357,-0.2825929514522164,9.799999999999997
0.1,0.2,0.4,0.6000000000000001,0.65,0.25,10,10.0,20,126,0.18364134241404284,-0.2954764690370587,0.10977222515477816,1.8117751455214686,0.1591511861398096,0.18359422413972198,0.435353517935241,-0.2825929514522163,8.2
0.1,0.2,0.4,0.6000000000000001,0.65,0.25,20,10.0,20,126,0.15475731772156398,-0.3145364081359716,0.07612321568757108,1.7580765034706989,0.1559625339840105,0.17902946764455074,0.42621074884339544,-0.2825929514522161,6.799999999999998
0.1,0.2,0.4,0.6000000000000001,0.65,0.35,5,10.0,20,126,0.17837675120000984,-0.29362150423939315,0.10497137514016155,1.805883108581814,0.1588038761515147,0.18951839886846267,0.4260152010950746,-0.3036762264358086,8.799999999999999
0.1,0.2,0.4,0.6000000000000001,0.65,0.35,10,10.0,20,126,0.1848002822566368,-0.29246851827119547,0.11168315268883794,1.8569228078631923,0.1617919368456544,0.18758934279421194,0.4424255680272182,-0.30367622643580894,7.399999999999999
0.1,0.2,0.4,0.6000000000000001,0.65,0.35,20,10.0,20,126,0.15879004064737967,-0.3092465900069846,0.08147839314563352,1.8222785502396825,0.1597687719793146,0.18334500037609902,0.43873149044879023,-0.3036762264358086,6.0
0.12,0.22,0.25,0.45,0.5,0.2,5,10.0,20,126,0.15122937391587166,-0.274994287738041,0.0824808019813614,1.6481640120652545,0.1492663661455178,0.17696476134376504,0.395520781859597,-0.242201496688617,11.199999999999996
0.12,0.22,0.25,0.45,0.5,0.2,10,10.0,20,126,0.150081403657778,-0.27309224207723504,0.08180834313846924,1.7695130643756611,0.15664607466007419,0.17323361392967485,0.437869118250685,-0.2422014966886169,8.299999999999997
0.12,0.22,0.25,0.45,0.5,0.2,20,10.0,20,126,0.1297772901349281,-0.2720757509116366,0.06175835240701896,1.828321700361697,0.16012320867934005,0.16883830760345922,0.46292427003235115,-0.2422014966886168,8.25000000007836
0.12,0.22,0.25,0.45,0.5,0.25,5,10.0,20,126,0.1521498136430537,-0.27499428773804147,0.08340124170854332,1.668904610024033,0.150547946666868,0.1784016306607308,0.4001336617882038,-0.2530949199128142,10.899999999999999
0.12,0.22,0.25,0.45,0.5,0.25,10,10.0,20,126,0.1506234286217567,-0.27309224207723437,0.08235036810244811,1.7877640359546154,0.1577319043547849,0.1747147053359514,0.4411083173676978,-0.2530949199128141,8.099999999999998
0.12,0.22,0.25,0.45,0.5,0.25,20,10.0,20,126,0.12995303126494506,-0.27207575091163727,0.061934093537035745,1.8453622419368751,0.16111916887919908,0.17039225753856393,0.4653847754843291,-0.2530949199128141,8.05000000007836
0.12,0.22,0.25,0.45,0.5,0.35,5,10.0,20,126,0.15397106489562384,-0.27499428773804113,0.08522249296111356,1.7076003407660063,0.15291633979037278,0.1821814227393624,0.40710549217038733,-0.2750459430104649,10.299999999999997
0.12,0.22,0.25,0.45,0.5,0.35,10,10.0,20,126,0.15167837845189136,-0.2730922420772349,0.08340531793258263,1.8211861597997916,0.15970463279394997,0.1786076456626204,0.44509348662554815,-0.2750459430104646,7.699999999999998
0.12,0.22,0.25,0.45,0.5,0.35,20,10.0,20,126,0.1302628706968061,-0.27207575091163716,0.0622439329688968,1.8761650801310163,0.16290658538920222,0.17447207435606757,0.46755474282249754,-0.2750459430104645,7.650000000078361
0.12,0.22,0.25,0.45,0.55,0.2,5,10.0,20,126,0.15123762360127224,-0.28181448757242245,0.08078400170816663,1.6863692090221996,0.15162049655413412,0.1797141044674973,0.40381779214240426,-0.2522416777641141,10.099999999999998
0.12,0.22,0.25,0.45,0.55,0.2,10,10.0,20,126,0.15174775120587825,-0.28013953439137007,0.08171286760803573,1.783734188371822,0.15749267647955123,0.1764694307875795,0.43729844922502686,-0.2522416777641142,7.399999999999999
0.12,0.22,0.25,0.45,0.55,0.2,20,10.0,20,126,0.13526403712595303,-0.27920876881850176,0.06546184492132759,1.8458373100956447,0.1611468616263132,0.17265553665895336,0.46169451479324175,-0.25224167776411444,7.40000000007836
0.12,0.22,0.25,0.45,0.55,0.25,5,10.0,20,126,0.15215803181337795,-0.28181448757242245,0.08170440992027234,1.7074095744111992,0.15290473519266645,0.18112892001559164,0.4083445227970991,-0.2629906258128696,9.799999999999997
0.12,0.22,0.25,0.45,0.55,0.25,10,10.0,20,126,0.15229054783676,-0.28013953439137007,0.08225566423891748,1.8020794351201728,0.15857933393594492,0.17792338379980685,0.4405507574141908,-0.2629906258128698,7.1999999999999975
0.12,0.22,0.25,0.45,0.55,0.25,20,10.0,20,126,0.13544061153764142,-0.2792087688185019,0.06563841933301595,1.8629839594470052,0.16214373407667582,0.1741752191802566,0.4642035395486705,-0.2629906258128698,7.20000000007836
0.12,0.22,0.25,0.45,0.55,0.35,5,10.0,20,126,0.15397921962766814,-0.2818144875724222,0.08352559773456258,1.7466646632411025,0.15527804493736608,0.1848524740109286,0.4151719441727797,-0.2846505397150826,9.199999999999998
0.12,0.22,0.25,0.45,0.55,0.35,10,10.0,20,126,0.15334699870617485,-0.2801395343913695,0.08331211510833247,1.8356743001759743,0.1605535716005757,0.18174720850914308,0.44464679737969015,-0.28465053971508225,6.799999999999998
0.12,0.22,0.25,0.45,0.55,0.35,20,10.0,20,126,0.13575191518791518,-0.27920876881850176,0.06594972298328974,1.8939787149597542,0.1639327939323656,0.178168013187367,0.46658267365048556,-0.2846505397150827,6.80000000007836
0.12,0.22,0.25,0.45,0.65,0.2,5,10.0,20,126,0.1604386750622091,-0.2953504348932674,0.08660106633889225,1.7637633681362654,0.15630272970773063,0.18520179421339913,0.4196476796383915,-0.2721301841507724,8.299999999999997
0.12,0.22,0.25,0.45,0.65,0.2,10,10.0,20,126,0.16263359094008134,-0.29411767519796106,0.08910417214059108,1.8360085504509511,0.1605731132240098,0.18274713209076326,0.4433408222549835,-0.2721301841507724,5.999999999999998
0.12,0.22,0.25,0.45,0.65,0.2,20,10.0,20,126,0.15125836319618347,-0.2933803140289265,0.07791328468895184,1.8696430284623617,0.16252950003297384,0.17979246112479993,0.4571935322820507,-0.27213018415077217,6.10000000007836
0.12,0.22,0.25,0.45,0.65,0.25,5,10.0,20,126,0.16136640434570215,-0.29535043489326696,0.08752879562238541,1.7854110209520129,0.15759225600746052,0.18657452537518832,0.4240168420359382,-0.2825929514522163,7.999999999999998
0.12,0.22,0.25,0.45,0.65,0.25,10,10.0,20,126,0.16318151613459375,-0.29411767519796106,0.08965209733510349,1.8546994323134114,0.16166272880700183,0.18415109969927917,0.44655584359154943,-0.2825929514522163,5.799999999999998
0.12,0.22,0.25,0.45,0.65,0.25,20,10.0,20,126,0.1514374035868773,-0.29338031402892606,0.07809232507964578,1.8869342755077603,0.16352762654331587,0.18125191863092757,0.4597944985120011,-0.2825929514522165,5.90000000007836
0.12,0.22,0.25,0.45,0.65,0.35,5,10.0,20,126,0.16320207725471136,-0.2953504348932676,0.08936446853139446,1.8257992971519772,0.1599753462510911,0.1901905629526139,0.43058550089601555,-0.30367622643580894,7.399999999999999
0.12,0.22,0.25,0.45,0.65,0.35,10,10.0,20,126,0.16424794867144787,-0.29411767519796106,0.09071852987195761,1.888927447314575,0.16364235153384987,0.18784735900218097,0.45070014015897936,-0.3036762264358088,5.399999999999999
0.12,0.22,0.25,0.45,0.65,0.35,20,10.0,20,126,0.15175304962843605,-0.29338031402892617,0.07840797112120451,1.918190641288973,0.16531894937173597,0.18509134107028527,0.4625613993276827,-0.3036762264358088,5.50000000007836
0.12,0.22,0.3,0.5,0.5,0.2,5,10.0,20,126,0.1890722845757158,-0.27499428773804147,0.12032371264120542,1.825999694720497,0.15998709762526597,0.18080664591996817,0.4431182670352748,-0.242201496688617,9.899999999999999
0.12,0.22,0.3,0.5,0.5,0.2,10,10.0,20,126,0.17791314918328016,-0.2730922420772347,0.10964008866397149,1.949259670872188,0.1670833112189991,0.17896225988971237,0.48048286606880736,-0.242201496688617,7.499999999999999
0.12,0.22,0.3,0.5,0.5,0.2,20,10.0,20,126,0.1495338040290195,-0.27207575091163716,0.08151486630111021,1.951665541035176,0.16721927123586489,0.17583285033471924,0.48656433937779603,-0.242201496688617,6.499999999999999
0.12,0.22,0.3,0.5,0.5,0.25,5,10.0,20,126,0.19002298075669755,-0.2749942877380418,0.1212744088221871,1.8481331136600874,0.16128063314768704,0.1822129147652514,0.4473333786670849,-0.25309491991281396,9.599999999999998
0.12,0.22,0.3,0.5,0.5,0.25,10,10.0,20,126,0.1784682910456079,-0.2730922420772349,0.11019523052629918,1.9686951648311886,0.16817893912392723,0.18039605286623728,0.48339600138495503,-0.25309491991281396,7.299999999999999
0.12,0.22,0.3,0.5,0.5,0.25,20,10.0,20,126,0.14971261835948746,-0.2720757509116365,0.08169368063157834,1.9694492250346012,0.16822132337132834,0.1773253270251376,0.488890242400413,-0.25309491991281396,6.3
0.12,0.22,0.3,0.5,0.5,0.35,5,10.0,20,126,0.191904099703752,-0.2749942877380416,0.1231555277692416,1.8894274303132876,0.16367111941466517,0.18591463455875423,0.45339298510114695,-0.2750459430104646,9.0
0.12,0.22,0.3,0.5,0.5,0.35,10,10.0,20,126,0.17954877045575657,-0.27309224207723437,0.11127570993644798,2.004286447370842,0.17016946888869788,0.18416840944369187,0.48668342076424786,-0.2750459430104646,6.8999999999999995
0.12,0.22,0.3,0.5,0.5,0.35,20,10.0,20,126,0.15002787598048584,-0.2720757509116366,0.08200893825257669,2.0015953829670954,0.1700196728747192,0.18124878198679656,0.4908722501662172,-0.2750459430104646,5.8999999999999995
0.12,0.22,0.3,0.5,0.55,0.2,5,10.0,20,126,0.18261754287370224,-0.2818144875724219,0.11216392098059677,1.8406004896072798,0.16084137690793332,0.1831057591702839,0.4439685121048653,-0.2522416777641139,8.899999999999999
0.12,0.22,0.3,0.5,0.55,0.2,10,10.0,20,126,0.17416951145509163,-0.28013953439136974,0.1041346278572492,1.938849303386113,0.166493904882562,0.1815916835952635,0.4733448929851145,-0.2522416777641139,6.599999999999999
0.12,0.22,0.3,0.5,0.55,0.2,20,10.0,20,126,0.15076908640473197,-0.2792087688185011,0.08096689420010669,1.9527453206899583,0.16728026063091628,0.17892991471695083,0.48154896436590655,-0.2522416777641139,5.799999999999999
0.12,0.22,0.3,0.5,0.55,0.25,5,10.0,20,126,0.18356303916041705,-0.2818144875724222,0.1131094172673115,1.8628488358229727,0.16213589828358876,0.18449430592596167,0.448167693277323,-0.2629906258128697,8.599999999999998
0.12,0.22,0.3,0.5,0.55,0.25,10,10.0,20,126,0.17472287503165096,-0.2801395343913695,0.10468799143380858,1.9582167831735249,0.16758901271808924,0.1830047136878641,0.476326232098858,-0.2629906258128697,6.399999999999999
0.12,0.22,0.3,0.5,0.55,0.25,20,10.0,20,126,0.15094807240955244,-0.27920876881850154,0.08114588020492705,1.9705361088204252,0.16828239875153606,0.18039658702777026,0.4839457745316955,-0.2629906258128697,5.6
0.12,0.22,0.3,0.5,0.55,0.35,5,10.0,20,126,0.185433868096071,-0.28181448757242245,0.11498024620296537,1.9043576590239177,0.16452821082066937,0.1881507574092682,0.4542467909769904,-0.2846505397150825,7.999999999999999
0.12,0.22,0.3,0.5,0.55,0.35,10,10.0,20,126,0.17579989246009253,-0.2801395343913696,0.10576500886225013,1.9936836198345045,0.16957860301907046,0.18672405547100035,0.47984697408891236,-0.2846505397150825,5.999999999999999
0.12,0.22,0.3,0.5,0.55,0.35,20,10.0,20,126,0.1512636277389776,-0.2792087688185012,0.08146143553435231,2.0026952273271403,0.17008090876232718,0.18425429640640123,0.486173713253628,-0.2846505397150825,5.199999999999999
0.12,0.22,0.3,0.5,0.65,0.2,5,10.0,20,126,0.18002697493544328,-0.2953504348932674,0.10618936621212643,1.8697297366933183,0.1625345180573703,0.1876192211985178,0.445758938297372,-0.27213018415077195,7.299999999999999
0.12,0.22,0.3,0.5,0.65,0.2,10,10.0,20,126,0.17544087582665902,-0.2941176751979614,0.10191145702716867,1.9466067924534491,0.16693328207334557,0.18657845016038607,0.46777799918269053,-0.27213018415077195,5.199999999999999
0.12,0.22,0.3,0.5,0.65,0.2,20,10.0,20,126,0.15988667137055068,-0.2933803140289267,0.086541592863319,1.954156964417777,0.16735996593969715,0.1845910048580202,0.47284145056786414,-0.27213018415077195,4.799999999999999
0.12,0.22,0.3,0.5,0.65,0.25,5,10.0,20,126,0.1809703643652214,-0.2953504348932672,0.10713275564190461,1.892207389350264,0.16383099414175817,0.1889742196815898,0.44992459678671526,-0.2825929514522161,6.999999999999999
0.12,0.22,0.3,0.5,0.65,0.25,10,10.0,20,126,0.17599483682997508,-0.2941176751979615,0.1024654180304847,1.9660265785623863,0.16802886896396974,0.18795364023675373,0.47081698123379956,-0.2825929514522161,4.999999999999999
0.12,0.22,0.3,0.5,0.65,0.25,20,10.0,20,126,0.1600670536109261,-0.2933803140289266,0.08672197510369445,1.9719574564566829,0.16836223979948617,0.18601269306813345,0.47534910141927855,-0.2825929514522161,4.6
0.12,0.22,0.3,0.5,0.65,0.35,5,10.0,20,126,0.18283702358327392,-0.29535043489326696,0.10899941485995718,1.93414420585238,0.16622692783341875,0.19254485613889288,0.45603228109829996,-0.3036762264358085,6.3999999999999995
0.12,0.22,0.3,0.5,0.65,0.35,10,10.0,20,126,0.17707301692463084,-0.2941176751979615,0.10354359812514047,2.001589412630227,0.17001934041258981,0.19157623235612575,0.47459356401139036,-0.3036762264358085,4.6
0.12,0.22,0.3,0.5,0.65,0.35,20,10.0,20,126,0.16038506531722851,-0.2933803140289264,0.08703998680999692,2.0041343543283316,0.17016100581437987,0.18975557032676668,0.47797532503622586,-0.3036762264358085,4.199999999999999
0.12,0.22,0.35,0.55,0.5,0.2,5,10.0,20,126,0.18282932877275782,-0.27499428773804113,0.11408075683824753,2.000650975992278,0.1699670759041796,0.18318303978382677,0.48726286448443185,-0.2551747054569333,7.1
0.12,0.22,0.35,0.55,0.5,0.2,10,10.0,20,126,0.18064891915951464,-0.27309224207723415,0.1123758586402061,2.1332331495909265,0.177215852773271,0.18140204204663268,0.5248852520240318,-0.2551747054569333,5.6
0.12,0.22,0.35,0.55,0.5,0.2,20,10.0,20,126,0.16820258924916898,-0.27207575091163716,0.10018365152125969,2.198042179372986,0.18066397622968577,0.17853805063139785,0.5471089046050465,-0.2551747054569333,5.1
0.12,0.22,0.35,0.55,0.5,0.25,5,10.0,20,126,0.18377503353789537,-0.2749942877380409,0.11502646160338514,2.024152275467725,0.17127174039212423,0.1845709296297187,0.49113599847681705,-0.26588163761118044,6.799999999999999
0.12,0.22,0.35,0.55,0.5,0.25,10,10.0,20,126,0.18120535037024665,-0.2730922420772348,0.11293228985093795,2.1538810208355037,0.1783209928485534,0.1828164576622822,0.5274670494540518,-0.26588163761118044,5.3999999999999995
0.12,0.22,0.35,0.55,0.5,0.25,20,10.0,20,126,0.16838430757977796,-0.27207575091163694,0.10036536985186872,2.2173102741974797,0.18167757057978062,0.1800077945849692,0.5489669240469172,-0.26588163761118044,4.8999999999999995
0.12,0.22,0.35,0.55,0.5,0.35,5,10.0,20,126,0.18564627609425632,-0.27499428773804147,0.11689770415974596,2.067998646647399,0.17368279326804936,0.1882257445284144,0.49638191485358973,-0.28745686793003866,6.2
0.12,0.22,0.35,0.55,0.5,0.35,10,10.0,20,126,0.1822883392549961,-0.2730922420772349,0.11401527873568737,2.1916924714144823,0.18032880426354048,0.1865393957230186,0.5299611701845935,-0.28745686793003866,5.0
0.12,0.22,0.35,0.55,0.5,0.35,20,10.0,20,126,0.16870468508224068,-0.2720757509116364,0.10068574735433158,2.252139684082745,0.18349663451031062,0.18387342374350663,0.5498110095070191,-0.28745686793003866,4.5
0.12,0.22,0.35,0.55,0.55,0.2,5,10.0,20,126,0.1784329097233528,-0.2818144875724221,0.10797928783024727,1.9941594663047981,0.1696051590241252,0.1852367800026533,0.4822469092797058,-0.26364172964422994,6.499999999999999
0.12,0.22,0.35,0.55,0.55,0.2,10,10.0,20,126,0.17757929585200238,-0.2801395343913696,0.10754441225415998,2.0974374122745694,0.17528507199438637,0.18374357213638562,0.511477065223183,-0.26364172964422994,4.999999999999999
0.12,0.22,0.35,0.55,0.55,0.2,20,10.0,20,126,0.16784488371031636,-0.27920876881850165,0.09804269150569095,2.161495897797337,0.17872700048932577,0.18127437417679548,0.5323925292538559,-0.26364172964422994,4.599999999999999
0.12,0.22,0.35,0.55,0.55,0.25,5,10.0,20,126,0.17937506041864726,-0.28181448757242156,0.10892143852554187,2.0176105276825127,0.17090945340021513,0.186609232473152,0.48615500458808375,-0.2742268031338284,6.199999999999998
0.12,0.22,0.35,0.55,0.55,0.25,10,10.0,20,126,0.17813426639456664,-0.2801395343913694,0.10809938279672429,2.117850012677684,0.1763884330029024,0.18513997000745527,0.5141787944589626,-0.2742268031338284,4.799999999999999
0.12,0.22,0.35,0.55,0.55,0.25,20,10.0,20,126,0.16802652561611153,-0.27920876881850143,0.09822433341148618,2.1805444433318772,0.1797389659108568,0.18272197272040663,0.534406037925141,-0.2742268031338284,4.3999999999999995
0.12,0.22,0.35,0.55,0.55,0.35,5,10.0,20,126,0.181239269519486,-0.28181448757242233,0.1107856476263804,2.0613632610841286,0.173319826721694,0.19022456844524624,0.4915425211298923,-0.2955564978531027,5.599999999999999
0.12,0.22,0.35,0.55,0.55,0.35,10,10.0,20,126,0.17921441147807582,-0.2801395343913696,0.10917952788023341,2.1552307339831978,0.17839301765640236,0.18881684558782474,0.5170305198084328,-0.2955564978531027,4.399999999999999
0.12,0.22,0.35,0.55,0.55,0.35,20,10.0,20,126,0.16834676334351584,-0.2792087688185013,0.09854457113889051,2.214977118755442,0.18155511271113278,0.18653109432418571,0.5357021266325712,-0.2955564978531027,3.999999999999999
0.12,0.22,0.35,0.55,0.65,0.2,5,10.0,20,126,0.1799428738045581,-0.2953504348932673,0.10610526508124127,1.9811438687421163,0.16887747818847654,0.1892159945897303,0.4728132111342099,-0.2804837885586623,5.699999999999998
0.12,0.22,0.35,0.55,0.65,0.2,10,10.0,20,126,0.18026360461784896,-0.29411767519796084,0.10673418581835875,2.0568795446082304,0.17307417805525627,0.18810784016574836,0.4938588151865493,-0.2804837885586623,4.199999999999999
0.12,0.22,0.35,0.55,0.65,0.2,20,10.0,20,126,0.1738955174221244,-0.29338031402892684,0.10055043891489268,2.089212851165992,0.17483874811722533,0.18616443105043012,0.5052933269659411,-0.2804837885586623,3.999999999999999
0.12,0.22,0.35,0.55,0.65,0.25,5,10.0,20,126,0.18088619599848443,-0.2953504348932674,0.10704858727516758,2.0044941917865287,0.1701810280379752,0.1905594701103852,0.4767802532071499,-0.29082647694332076,5.3999999999999995
0.12,0.22,0.35,0.55,0.65,0.25,10,10.0,20,126,0.18081983847361993,-0.2941176751979606,0.10729041967412978,2.0770260898035904,0.17417553038700606,0.18947178698771397,0.4967133624631479,-0.29082647694332076,3.999999999999999
0.12,0.22,0.35,0.55,0.65,0.25,20,10.0,20,126,0.1740780782779603,-0.29338031402892717,0.1007329997707285,2.107827132473991,0.17584744312224632,0.18757403036826212,0.5075665558605518,-0.29082647694332076,3.7999999999999994
0.12,0.22,0.35,0.55,0.65,0.35,5,10.0,20,126,0.1827527221787728,-0.2953504348932672,0.10891511345545601,2.048059159522438,0.17259003429793052,0.19410061454853,0.4824172545350882,-0.3116677837411187,4.799999999999999
0.12,0.22,0.35,0.55,0.65,0.35,10,10.0,20,126,0.18190244224478014,-0.29411767519796084,0.10837302344528993,2.113919814574973,0.17617647653740098,0.1930656143046657,0.500048908786424,-0.3116677837411187,3.5999999999999988
0.12,0.22,0.35,0.55,0.65,0.35,20,10.0,20,126,0.1743999308569495,-0.29338031402892695,0.10105485234971776,2.1414750691317392,0.17765773307115085,0.19128603843659206,0.5096231638690406,-0.3116677837411187,3.399999999999999
0.12,0.22,0.4,0.6000000000000001,0.5,0.2,5,10.0,20,126,0.18920772174737577,-0.27499428773804124,0.12045914981286546,2.000650975992278,0.1699670759041796,0.18318303978382677,0.48726286448443185,-0.2551747054569333,7.1
0.12,0.22,0.4,0.6000000000000001,0.5,0.2,10,10.0,20,126,0.1900780975321239,-0.27309224207723504,0.12180503701281514,2.1332331495909265,0.177215852773271,0.18140204204663268,0.5248852520240318,-0.2551747054569333,5.6
0.12,0.22,0.4,0.6000000000000001,0.5,0.2,20,10.0,20,126,0.17089672509879517,-0.27207575091163705,0.1028777873708859,2.198042179372986,0.18066397622968577,0.17853805063139785,0.5471089046050465,-0.2551747054569333,5.1
0.12,0.22,0.4,0.6000000000000001,0.5,0.25,5,10.0,20,126,0.19015852621412166,-0.274994287738041,0.1214099542796114,2.024152275467725,0.17127174039212423,0.1845709296297187,0.49113599847681705,-0.26588163761118044,6.799999999999999
0.12,0.22,0.4,0.6000000000000001,0.5,0.25,10,10.0,20,126,0.1906389726457418,-0.27309224207723504,0.12236591212643305,2.1538810208355037,0.1783209928485534,0.1828164576622822,0.5274670494540518,-0.26588163761118044,5.3999999999999995
0.12,0.22,0.4,0.6000000000000001,0.5,0.25,20,10.0,20,126,0.171078862512424,-0.2720757509116367,0.10305992478451481,2.2173102741974797,0.18167757057978062,0.1800077945849692,0.5489669240469172,-0.26588163761118044,4.8999999999999995
0.12,0.22,0.4,0.6000000000000001,0.5,0.35,5,10.0,20,126,0.19203985942353374,-0.27499428773804124,0.12329128748902343,2.067998646647399,0.17368279326804936,0.1882257445284144,0.49638191485358973,-0.28745686793003866,6.2
0.12,0.22,0.4,0.6000000000000001,0.5,0.35,10,10.0,20,126,0.19173061075313713,-0.27309224207723526,0.12345755023382832,2.1916924714144823,0.18032880426354048,0.1865393957230186,0.5299611701845935,-0.28745686793003866,5.0
0.12,0.22,0.4,0.6000000000000001,0.5,0.35,20,10.0,20,126,0.1713999788768985,-0.27207575091163727,0.10338104114898919,2.252139684082745,0.18349663451031062,0.18387342374350663,0.5498110095070191,-0.28745686793003866,4.5
0.12,0.22,0.4,0.6000000000000001,0.55,0.2,5,10.0,20,126,0.1834976239792312,-0.28181448757242245,0.11304400208612558,1.9941594663047981,0.1696051590241252,0.1852367800026533,0.4822469092797058,-0.26364172964422994,6.499999999999999
0.12,0.22,0.4,0.6000000000000001,0.55,0.2,10,10.0,20,126,0.18507871424357192,-0.2801395343913694,0.11504383064572957,2.0974374122745694,0.17528507199438637,0.18374357213638562,0.511477065223183,-0.26364172964422994,4.999999999999999
0.12,0.22,0.4,0.6000000000000001,0.55,0.2,20,10.0,20,126,0.1699851007155866,-0.279208768818502,0.1001829085109611,2.161495897797337,0.17872700048932577,0.18127437417679548,0.5323925292538559,-0.26364172964422994,4.599999999999999
0.12,0.22,0.4,0.6000000000000001,0.55,0.25,5,10.0,20,126,0.184443823885998,-0.281814487572422,0.1139902019928925,2.0176105276825127,0.17090945340021513,0.186609232473152,0.48615500458808375,-0.2742268031338284,6.199999999999998
0.12,0.22,0.4,0.6000000000000001,0.55,0.25,10,10.0,20,126,0.18563721911822562,-0.2801395343913696,0.11560233552038321,2.117850012677684,0.1763884330029024,0.18513997000745527,0.5141787944589626,-0.2742268031338284,4.799999999999999
0.12,0.22,0.4,0.6000000000000001,0.55,0.25,20,10.0,20,126,0.17016707550214472,-0.27920876881850154,0.10036488329751933,2.1805444433318772,0.1797389659108568,0.18272197272040663,0.534406037925141,-0.2742268031338284,4.3999999999999995
0.12,0.22,0.4,0.6000000000000001,0.55,0.35,5,10.0,20,126,0.18631604505636723,-0.28181448757242245,0.11586242316326162,2.0613632610841286,0.173319826721694,0.19022456844524624,0.4915425211298923,-0.2955564978531027,5.599999999999999
0.12,0.22,0.4,0.6000000000000001,0.55,0.35,10,10.0,20,126,0.18672424310996094,-0.28013953439136907,0.11668935951211867,2.1552307339831978,0.17839301765640236,0.18881684558782474,0.5170305198084328,-0.2955564978531027,4.399999999999999
0.12,0.22,0.4,0.6000000000000001,0.55,0.35,20,10.0,20,126,0.17048790010391857,-0.27920876881850154,0.10068570789929318,2.214977118755442,0.18155511271113278,0.18653109432418571,0.5357021266325712,-0.2955564978531027,3.999999999999999
0.12,0.22,0.4,0.6000000000000001,0.65,0.2,5,10.0,20,126,0.18245949122713268,-0.29535043489326707,0.10862188250381591,1.9811438687421163,0.16887747818847654,0.1892159945897303,0.4728132111342099,-0.2804837885586623,5.699999999999998
0.12,0.22,0.4,0.6000000000000001,0.65,0.2,10,10.0,20,126,0.18399761030464434,-0.29411767519796106,0.11046819150515408,2.0568795446082304,0.17307417805525627,0.18810784016574836,0.4938588151865493,-0.2804837885586623,4.199999999999999
0.12,0.22,0.4,0.6000000000000001,0.65,0.2,20,10.0,20,126,0.1749566868359691,-0.2933803140289265,0.10161160832873747,2.089212851165992,0.17483874811722533,0.18616443105043012,0.5052933269659411,-0.2804837885586623,3.999999999999999
0.12,0.22,0.4,0.6000000000000001,0.65,0.25,5,10.0,20,126,0.18340482536682523,-0.2953504348932673,0.10956721664350841,2.0044941917865287,0.1701810280379752,0.1905594701103852,0.4767802532071499,-0.29082647694332076,5.3999999999999995
0.12,0.22,0.4,0.6000000000000001,0.65,0.25,10,10.0,20,126,0.1845556039201608,-0.29411767519796117,0.1110261851206705,2.0770260898035904,0.17417553038700606,0.18947178698771397,0.4967133624631479,-0.29082647694332076,3.999999999999999
0.12,0.22,0.4,0.6000000000000001,0.65,0.25,20,10.0,20,126,0.17513941272182176,-0.29338031402892606,0.10179433421459025,2.107827132473991,0.17584744312224632,0.18757403036826212,0.5075665558605518,-0.29082647694332076,3.7999999999999994
0.12,0.22,0.4,0.6000000000000001,0.65,0.35,5,10.0,20,126,0.1852753325299299,-0.29535043489326707,0.11143772380661313,2.048059159522438,0.17259003429793052,0.19410061454853,0.4824172545350882,-0.3116677837411187,4.799999999999999
0.12,0.22,0.4,0.6000000000000001,0.65,0.35,10,10.0,20,126,0.1856416327301189,-0.2941176751979615,0.11211221393062853,2.113919814574973,0.17617647653740098,0.1930656143046657,0.500048908786424,-0.3116677837411187,3.5999999999999988
0.12,0.22,0.4,0.6000000000000001,0.65,0.35,20,10.0,20,126,0.1754615562467321,-0.29338031402892706,0.10211647773950033,2.1414750691317392,0.17765773307115085,0.19128603843659206,0.5096231638690406,-0.3116677837411187,3.399999999999999
0.15,0.25,0.25,0.45,0.5,0.2,5,10.0,20,126,0.14752661813608658,-0.2984774320104936,0.07290726013346319,1.7385121150555474,0.1547875558697207,0.18032234112894294,0.41850584544968705,-0.242201496688617,10.399999999999997
0.15,0.25,0.25,0.45,0.5,0.2,10,10.0,20,126,0.13923388485706356,-0.3036235721051952,0.06332799183076476,1.7571769364292402,0.1559086656356976,0.17727422754679084,0.4282142613808684,-0.2422014966886169,7.599999999999998
0.15,0.25,0.25,0.45,0.5,0.2,20,10.0,20,126,0.11607005614989463,-0.3040021367567597,0.04006952196070471,1.8341795419034872,0.16046615781994045,0.1726836512181625,0.4581338713847383,-0.2422014966886168,8.050000000078361
0.15,0.25,0.25,0.45,0.5,0.25,5,10.0,20,126,0.14761351507591458,-0.2984774320104939,0.0729941570732911,1.75805089011119,0.15596100039960525,0.18168272592274626,0.4224261053855759,-0.2530949199128142,10.299999999999997
0.15,0.25,0.25,0.45,0.5,0.25,10,10.0,20,126,0.13979864408214526,-0.3036235721051952,0.06389275105584646,1.7709999226241728,0.15673476344265858,0.1786700291121214,0.43033988943122886,-0.2530949199128141,7.499999999999998
0.15,0.25,0.25,0.45,0.5,0.25,20,10.0,20,126,0.11715352183129912,-0.30400213675675913,0.04115298764210934,1.84698010647184,0.16121346146362114,0.17412974089306366,0.4595435612867813,-0.2530949199128141,7.95000000007836
0.15,0.25,0.25,0.45,0.5,0.35,5,10.0,20,126,0.14777934144769622,-0.2984774320104936,0.07315998344507282,1.7942834167996695,0.15811829396938326,0.18526541158928822,0.4280926235361999,-0.2750459430104649,10.099999999999996
0.15,0.25,0.25,0.45,0.5,0.35,10,10.0,20,126,0.1409179858048062,-0.30362357210519497,0.06501209277850745,1.7955637914437608,0.1581940882131323,0.18234284501960665,0.4323938888484236,-0.2750459430104646,7.299999999999999
0.15,0.25,0.25,0.45,0.5,0.35,20,10.0,20,126,0.11930931124066935,-0.3040021367567597,0.043308777051479425,1.869346538970016,0.16251234045493157,0.17793154236899658,0.4599310894978404,-0.2750459430104645,7.75000000007836
0.15,0.25,0.25,0.45,0.55,0.2,5,10.0,20,126,0.15033029895212469,-0.30257276819326406,0.07468710690380867,1.7791708276845042,0.15722141847435456,0.18261499707262166,0.42729641096027493,-0.2522416777641141,9.099999999999998
0.15,0.25,0.25,0.45,0.55,0.2,10,10.0,20,126,0.1422363916670466,-0.3071081659674265,0.06545935017518997,1.7988246847390847,0.15838698876931923,0.1798938264705078,0.43672632953368634,-0.2522416777641142,6.6999999999999975
0.15,0.25,0.25,0.45,0.55,0.2,20,10.0,20,126,0.12179711165815821,-0.3074212867776511,0.04494178996374543,1.8628228396270923,0.1621343907328059,0.1759526893793955,0.46120117908123537,-0.25224167776411444,7.10000000007836
0.15,0.25,0.25,0.45,0.55,0.25,5,10.0,20,126,0.1504173975629004,-0.30257276819326406,0.07477420551458439,1.7990003953971474,0.1583973775925267,0.18395815468635812,0.43114315519470575,-0.2629906258128696,8.999999999999996
0.15,0.25,0.25,0.45,0.55,0.25,10,10.0,20,126,0.1428026366444708,-0.3071081659674275,0.06602559515261391,1.812856943870878,0.15921488566159248,0.1812692604413644,0.43880500206442863,-0.2629906258128698,6.599999999999998
0.15,0.25,0.25,0.45,0.55,0.25,20,10.0,20,126,0.12288613261679848,-0.307421286777652,0.04603081092238548,1.8757533273420761,0.16288280077137052,0.17737192326569592,0.46262999669048727,-0.2629906258128698,7.00000000007836
0.15,0.25,0.25,0.45,0.55,0.35,5,10.0,20,126,0.15058360778836666,-0.30257276819326395,0.07494041574005067,1.8357722812881074,0.1605593001773611,0.18749682976199314,0.43667683518232,-0.2846505397150826,8.799999999999997
0.15,0.25,0.25,0.45,0.55,0.35,10,10.0,20,126,0.14392492302326443,-0.3071081659674276,0.06714788153140752,1.8377928017646172,0.1606773943914368,0.1848900631839456,0.44078602024542185,-0.28465053971508225,6.399999999999998
0.15,0.25,0.25,0.45,0.55,0.35,20,10.0,20,126,0.1250529753619325,-0.30742128677765157,0.0481976536675196,1.898346914281257,0.1641836104939851,0.18110527398355167,0.46312099909124443,-0.2846505397150827,6.80000000007836
0.15,0.25,0.25,0.45,0.65,0.2,5,10.0,20,126,0.16094444687851106,-0.31074544096393,0.08325808663752857,1.8395075261897604,0.16077755909244495,0.18758950178827977,0.4376145347804263,-0.2721301841507724,6.6999999999999975
0.15,0.25,0.25,0.45,0.65,0.2,10,10.0,20,126,0.15428745902986418,-0.3140890010346832,0.07576520877119339,1.8820235589810679,0.1632446806145842,0.1854628084630672,0.4521490564013307,-0.2721301841507724,5.099999999999999
0.15,0.25,0.25,0.45,0.65,0.2,20,10.0,20,126,0.13868298667478807,-0.31428931881952116,0.06011065696990778,1.9161705900102821,0.16520367722528406,0.18267207392969176,0.46561749229373545,-0.27213018415077217,5.40000000007836
0.15,0.25,0.25,0.45,0.65,0.25,5,10.0,20,126,0.16103232768250542,-0.3107454409639304,0.08334596744152281,1.8597690323023643,0.16195721505567295,0.18889678726940198,0.4413704439749362,-0.2825929514522163,6.599999999999997
0.15,0.25,0.25,0.45,0.65,0.25,10,10.0,20,126,0.15485967267732148,-0.31408900103468407,0.07633742241865046,1.8964739223208928,0.1640761053367048,0.18679685828123657,0.4541528360600088,-0.2825929514522163,4.999999999999998
0.15,0.25,0.25,0.45,0.65,0.25,20,10.0,20,126,0.13978839106862817,-0.31428931881952127,0.06121606136374785,1.9293431654881945,0.16595412826334788,0.18403910473634208,0.4670926977984191,-0.2825929514522165,5.30000000007836
0.15,0.25,0.25,0.45,0.65,0.35,5,10.0,20,126,0.16120002855425986,-0.3107454409639301,0.08351366831327733,1.8973421404672215,0.16412594634113598,0.19234363471503277,0.4467872952600725,-0.30367622643580894,6.399999999999998
0.15,0.25,0.25,0.45,0.65,0.35,10,10.0,20,126,0.155993788689071,-0.3140890010346833,0.07747153843040017,1.9221529829630701,0.16554485780604633,0.19031177281212164,0.45603817655864937,-0.3036762264358088,4.799999999999998
0.15,0.25,0.25,0.45,0.65,0.35,20,10.0,20,126,0.14198783201832965,-0.3142893188195206,0.0634155023134495,1.9523600396751655,0.16725850092567618,0.18763907803104055,0.46781018556983667,-0.3036762264358088,5.100000000078361
0.15,0.25,0.3,0.5,0.5,0.2,5,10.0,20,126,0.17369709072272488,-0.33256561019432507,0.09055568817414361,1.968174218253783,0.16814965234696144,0.18438858150189757,0.47670869925431825,-0.242201496688617,7.199999999999999
0.15,0.25,0.3,0.5,0.5,0.2,10,10.0,20,126,0.16200251256566633,-0.33746169056391917,0.07763708992468654,1.9670718358395423,0.1680876636553339,0.1832878273385939,0.4781653397136923,-0.242201496688617,6.299999999999999
0.15,0.25,0.3,0.5,0.5,0.2,20,10.0,20,126,0.130393120492879,-0.3378218601133375,0.04593765546454462,1.994948290306287,0.1696491736884762,0.17996678825498524,0.49118809839176064,-0.242201496688617,5.799999999999999
0.15,0.25,0.3,0.5,0.5,0.25,5,10.0,20,126,0.17378596943268976,-0.3325656101943242,0.09064456688410871,1.9893515897386798,0.16933667485397175,0.18571884255859064,0.4801943482068745,-0.25309491991281396,7.099999999999998
0.15,0.25,0.3,0.5,0.5,0.25,10,10.0,20,126,0.16257855901869211,-0.3374616905639194,0.07821313637771227,1.9819471209488508,0.16892246547486467,0.18463792683935187,0.47996292307226274,-0.25309491991281396,6.199999999999999
0.15,0.25,0.3,0.5,0.5,0.25,20,10.0,20,126,0.13149049081098907,-0.3378218601133379,0.04703502578265459,2.008474966510824,0.17040239090505183,0.1813546279542504,0.4924359800294836,-0.25309491991281396,5.699999999999999
0.15,0.25,0.3,0.5,0.5,0.35,5,10.0,20,126,0.1739555776378925,-0.3325656101943245,0.09081417508931136,2.028622714736688,0.17151893056043188,0.18922445646104724,0.4848437512946915,-0.2750459430104646,6.899999999999999
0.15,0.25,0.3,0.5,0.5,0.35,10,10.0,20,126,0.1637202718060664,-0.33746169056391917,0.07935484916508662,2.0083809570914903,0.1703971661258188,0.18819382430697684,0.4812830007185286,-0.2750459430104646,6.0
0.15,0.25,0.3,0.5,0.5,0.35,20,10.0,20,126,0.13367394650371645,-0.33782186011333715,0.04921848147538216,2.032110134212903,0.17171154820246248,0.18500765948216838,0.4925294729170443,-0.2750459430104646,5.5
0.15,0.25,0.3,0.5,0.55,0.2,5,10.0,20,126,0.1714378898783604,-0.3328138514489667,0.08823442701611872,1.9823198159349582,0.16894333526184413,0.18621571667918171,0.4776036518008785,-0.2522416777641139,6.299999999999999
0.15,0.25,0.3,0.5,0.55,0.2,10,10.0,20,126,0.15963695393838884,-0.33715259022355093,0.0753488063825011,1.9892498913805663,0.16933099176039113,0.18526670418369762,0.48091054051766013,-0.2522416777641139,5.499999999999999
0.15,0.25,0.3,0.5,0.55,0.2,20,10.0,20,126,0.13225911773688237,-0.33745213382878647,0.04789608427968575,2.005020002038535,0.17021028169209163,0.182464332412353,0.4896615185598929,-0.2522416777641139,5.099999999999999
0.15,0.25,0.3,0.5,0.55,0.25,5,10.0,20,126,0.17152658667519538,-0.33281385144896625,0.08832312381295382,2.0035988651181693,0.17013120609778176,0.1875327905249946,0.4810828485079922,-0.2629906258128697,6.199999999999999
0.15,0.25,0.3,0.5,0.55,0.25,10,10.0,20,126,0.16021182495947883,-0.3371525902235506,0.07592367740359118,2.0042368712061402,0.17016671030997976,0.1866023199152504,0.48270667370425957,-0.2629906258128697,5.399999999999999
0.15,0.25,0.3,0.5,0.55,0.25,20,10.0,20,126,0.13335829502751095,-0.3374521338287867,0.04899526157031428,2.0185927504747405,0.17096389257310052,0.18383314084270222,0.4909548363323681,-0.2629906258128697,4.999999999999998
0.15,0.25,0.3,0.5,0.55,0.35,5,10.0,20,126,0.17169584671813576,-0.33281385144896625,0.0884923838558942,2.0430586647351943,0.17231502758306494,0.19100466943304525,0.4857576083283781,-0.2846505397150825,5.999999999999999
0.15,0.25,0.3,0.5,0.55,0.35,10,10.0,20,126,0.16135120798670832,-0.33715259022355115,0.07706306043082053,2.030869304065106,0.17164303627022193,0.19012115284935832,0.4840561564926368,-0.2846505397150825,5.199999999999999
0.15,0.25,0.3,0.5,0.55,0.35,20,10.0,20,126,0.13554534599188117,-0.3374521338287869,0.05118231253468444,2.0423085668117467,0.17227374186769673,0.18743752662242605,0.49120347950715376,-0.2846505397150825,4.799999999999999
0.15,0.25,0.3,0.5,0.65,0.2,5,10.0,20,126,0.1722214672577802,-0.3333360866831706,0.08888744558698755,1.987284449064755,0.16922112662088562,0.19016679492312094,0.47297573675196014,-0.27213018415077195,4.699999999999998
0.15,0.25,0.3,0.5,0.65,0.2,10,10.0,20,126,0.1620815726113789,-0.3365700599836814,0.07793905761545855,2.0254706773138524,0.1713446731511783,0.18947857832590914,0.48373600249387577,-0.27213018415077195,4.099999999999999
0.15,0.25,0.3,0.5,0.65,0.2,20,10.0,20,126,0.14302498629866855,-0.3367638122579255,0.05883403323418718,2.033188417629442,0.1717710656699507,0.1876387395962449,0.4886006775753102,-0.27213018415077195,3.899999999999999
0.15,0.25,0.3,0.5,0.65,0.25,5,10.0,20,126,0.1723102017060827,-0.3333360866831703,0.08897618003529012,2.0086004278274645,0.1704093634743178,0.19145627420832373,0.47648374111917724,-0.2825929514522161,4.599999999999998
0.15,0.25,0.3,0.5,0.65,0.25,10,10.0,20,126,0.16265765002615562,-0.3365700599836823,0.07851513503023505,2.0406402793890726,0.17218188731223294,0.1907843912769021,0.48554858091838327,-0.2825929514522161,3.999999999999999
0.15,0.25,0.3,0.5,0.65,0.25,20,10.0,20,126,0.14413460579497217,-0.33676381225792584,0.05994365273049071,2.04688957198125,0.17252574644361518,0.18896971776928997,0.4899644062352379,-0.2825929514522161,3.799999999999999
0.15,0.25,0.3,0.5,0.65,0.35,5,10.0,20,126,0.17247953156719342,-0.3333360866831714,0.08914550989640058,2.048128958986008,0.17259387024485662,0.19485744141337988,0.4813210808827235,-0.3036762264358085,4.399999999999999
0.15,0.25,0.3,0.5,0.65,0.35,10,10.0,20,126,0.16379942394750158,-0.33657005998368184,0.07965690895158112,2.067597465339811,0.17366086710884066,0.19422684495601272,0.48700902210116226,-0.3036762264358085,3.799999999999999
0.15,0.25,0.3,0.5,0.65,0.35,20,10.0,20,126,0.1463424336020236,-0.3367638122579255,0.062151480537542214,2.070830049411865,0.17383747088668144,0.19247724562219315,0.4904717546241958,-0.3036762264358085,3.5999999999999988
0.15,0.25,0.35,0.55,0.5,0.2,5,10.0,20,126,0.16768157251504423,-0.33256561019432485,0.08454016996646302,2.0990985620307905,0.17537509461049083,0.18847481686248244,0.5037121881321813,-0.2675853126484484,4.399999999999999
0.15,0.25,0.35,0.55,0.5,0.2,10,10.0,20,126,0.16493430712586354,-0.33746169056391984,0.08056888448488359,2.143184743562618,0.17774927068236734,0.1879153494547024,0.5155608462583527,-0.2675853126484484,3.4999999999999996
0.15,0.25,0.35,0.55,0.5,0.2,20,10.0,20,126,0.16223836308284545,-0.3378218601133375,0.07778289805451108,2.2947764345664954,0.18570086274534425,0.18573031026131953,0.5562686369517141,-0.2675853126484484,3.4999999999999996
0.15,0.25,0.35,0.55,0.5,0.25,5,10.0,20,126,0.1677699956973413,-0.33256561019432473,0.08462859314876012,2.121210054379462,0.1765694592954259,0.18977624815818706,0.5070104464798731,-0.2781138411821874,4.299999999999999
0.15,0.25,0.35,0.55,0.5,0.25,10,10.0,20,126,0.1655118069749344,-0.3374616905639196,0.08114638433395449,2.158942963045882,0.17859097740071506,0.18923224651711923,0.5171384194421867,-0.2781138411821874,3.4
0.15,0.25,0.35,0.55,0.5,0.25,20,10.0,20,126,0.1633666483307772,-0.33782186011333737,0.07891118330244284,2.3096572838088743,0.18646441674394465,0.187075109676613,0.5571234836175685,-0.2781138411821874,3.4
0.15,0.25,0.35,0.55,0.5,0.35,5,10.0,20,126,0.1679387346141601,-0.33256561019432473,0.0847973320655789,2.1622134046080896,0.17876521306917503,0.19320788640201958,0.5112715771070127,-0.2993295755084745,4.1
0.15,0.25,0.35,0.55,0.5,0.35,10,10.0,20,126,0.16665640036480656,-0.33746169056391984,0.0822909777238266,2.1869458005484046,0.1800778757476249,0.19270301235338705,0.5179702783266582,-0.2993295755084745,3.1999999999999997
0.15,0.25,0.35,0.55,0.5,0.35,20,10.0,20,126,0.16561161596564133,-0.3378218601133367,0.08115615093730716,2.3356585986976417,0.18779154027117606,0.1906179798902609,0.5562967575204908,-0.2993295755084745,3.1999999999999997
0.15,0.25,0.35,0.55,0.55,0.2,5,10.0,20,126,0.16741018319542822,-0.33281385144896625,0.08420672033318666,2.096710599666128,0.17524567085583675,0.18991296252438963,0.5007844126923483,-0.27461126613315956,3.8999999999999995
0.15,0.25,0.35,0.55,0.55,0.2,10,10.0,20,126,0.163190190696489,-0.3371525902235516,0.07890204314060109,2.142296638392863,0.1777017260065894,0.1894227700477546,0.5127861908165685,-0.27461126613315956,3.0999999999999996
0.15,0.25,0.35,0.55,0.55,0.2,20,10.0,20,126,0.15983555961095886,-0.33745213382878647,0.07547252615376224,2.2609480758228973,0.18395403102177843,0.18760248989628142,0.5446297066096829,-0.27461126613315956,3.0999999999999996
0.15,0.25,0.35,0.55,0.55,0.25,5,10.0,20,126,0.16749857502971666,-0.3328138514489666,0.08429511216747501,2.118805834658809,0.17643994607462443,0.19120440595847824,0.5041041631292167,-0.28503865367753756,3.799999999999999
0.15,0.25,0.35,0.55,0.55,0.25,10,10.0,20,126,0.1637668231764875,-0.33715259022355093,0.07947867562059976,2.1580509373095578,0.17854342710340476,0.19072912065743894,0.5143989086248502,-0.28503865367753756,2.999999999999999
0.15,0.25,0.35,0.55,0.55,0.25,20,10.0,20,126,0.16096150762764228,-0.33745213382878614,0.07659847417044574,2.275676772426103,0.18471649282402858,0.1889338314801899,0.5455978352990486,-0.28503865367753756,2.999999999999999
0.15,0.25,0.35,0.55,0.55,0.35,5,10.0,20,126,0.16766725311281783,-0.33281385144896647,0.08446379025057621,2.1597791665871413,0.17863554159160144,0.19461047083817995,0.5084521005667298,-0.3060505997220969,3.5999999999999996
0.15,0.25,0.35,0.55,0.55,0.35,10,10.0,20,126,0.16490969738053907,-0.33715259022355115,0.08062154982465128,2.1860469253620414,0.1800303214419432,0.1941728598461659,0.5153450149239892,-0.3060505997220969,2.8
0.15,0.25,0.35,0.55,0.55,0.35,20,10.0,20,126,0.16320182474182765,-0.3374521338287866,0.078838791284631,2.301412390025419,0.18604172588395906,0.19244222555928645,0.5450889317174417,-0.3060505997220969,2.8
0.15,0.25,0.35,0.55,0.65,0.2,5,10.0,20,126,0.1721968713076305,-0.3333360866831706,0.08886284963683785,2.0681870723040365,0.17369309063384208,0.19300211751290394,0.4889782561355529,-0.28861631018279166,3.099999999999999
0.15,0.25,0.35,0.55,0.65,0.2,10,10.0,20,126,0.16694216590601596,-0.33657005998368195,0.08279965091009547,2.132086821579544,0.1771543149173933,0.19259316592427453,0.5051463936020986,-0.28861631018279166,2.4999999999999996
0.15,0.25,0.35,0.55,0.65,0.2,20,10.0,20,126,0.16223677711951923,-0.3367638122579262,0.07804582405503768,2.203351925904637,0.18094381575467255,0.1914099075853996,0.524152072181536,-0.28861631018279166,2.4999999999999996
0.15,0.25,0.35,0.55,0.65,0.25,5,10.0,20,126,0.1722856038940761,-0.3333360866831704,0.0889515822232835,2.09008033743777,0.17488587218145257,0.19427266216270841,0.49237678223564724,-0.2988420976059396,2.999999999999999
0.15,0.25,0.35,0.55,0.65,0.25,10,10.0,20,126,0.1675206528573403,-0.3365700599836816,0.0833781378614199,2.147790993199753,0.17799568149785938,0.19387788968682845,0.5068407864032722,-0.2988420976059396,2.3999999999999995
0.15,0.25,0.35,0.55,0.65,0.25,20,10.0,20,126,0.1633650469322283,-0.33676381225792607,0.07917409386774679,2.217821722414777,0.18170440425070167,0.19271468010348106,0.5253150287541215,-0.2988420976059396,2.3999999999999995
0.15,0.25,0.35,0.55,0.65,0.35,5,10.0,20,126,0.1724549302022511,-0.3333360866831706,0.08912090853145846,2.130679393321365,0.1770787341171871,0.19762513635178808,0.49699417944751345,-0.3194478400404708,2.7999999999999994
0.15,0.25,0.35,0.55,0.65,0.35,10,10.0,20,126,0.16866720243195976,-0.3365700599836815,0.08452468743603939,2.1756981375314655,0.17948199674661414,0.19726614492221398,0.5080465500112518,-0.3194478400404708,2.1999999999999997
0.15,0.25,0.35,0.55,0.65,0.35,20,10.0,20,126,0.16560998357461365,-0.33676381225792584,0.08141903051013219,2.243105273558083,0.18302639701396162,0.19615493599163975,0.5253610897794031,-0.3194478400404708,2.1999999999999997
0.15,0.25,0.4,0.6000000000000001,0.5,0.2,5,10.0,20,126,0.18202276570439624,-0.3325656101943243,0.09888136315581517,2.063466591127758,0.1734349552849639,0.18866121366706778,0.4945030152222638,-0.2760062706484313,4.399999999999999
0.15,0.25,0.4,0.6000000000000001,0.5,0.2,10,10.0,20,126,0.17862368804484619,-0.33746169056392017,0.09425826540386614,2.1070458905756158,0.17580521241012836,0.1881023682621011,0.5063112092119796,-0.2760062706484313,3.4999999999999996
0.15,0.25,0.4,0.6000000000000001,0.5,0.2,20,10.0,20,126,0.1665857215442037,-0.3378218601133379,0.08213025651586922,2.2568946519453057,0.18374367913419554,0.18591975306197808,0.5468625588873864,-0.2760062706484313,3.4999999999999996
0.15,0.25,0.4,0.6000000000000001,0.5,0.25,5,10.0,20,126,0.18211227487963022,-0.33256561019432485,0.09897087233104901,2.0853238559853473,0.17462734848530137,0.18996141204092762,0.4978644203506319,-0.2864137471359519,4.299999999999999
0.15,0.25,0.4,0.6000000000000001,0.5,0.25,10,10.0,20,126,0.17920797421256807,-0.3374616905639197,0.09484255157158814,2.1226229294971968,0.1766455297606786,0.18941799883244967,0.5079549488411115,-0.2864137471359519,3.4
0.15,0.25,0.4,0.6000000000000001,0.5,0.25,20,10.0,20,126,0.1677182271487978,-0.3378218601133376,0.08326276212046341,2.2716044082144933,0.18450597276821434,0.18726322371474535,0.5477879830626509,-0.2864137471359519,3.4
0.15,0.25,0.4,0.6000000000000001,0.5,0.35,5,10.0,20,126,0.18228308620853606,-0.3325656101943246,0.0991416836599549,2.1258557690676625,0.17681947782608076,0.19338985124541083,0.5022921257373174,-0.307385552973658,4.1
0.15,0.25,0.4,0.6000000000000001,0.5,0.35,10,10.0,20,126,0.18036601795308616,-0.3374616905639197,0.09600059531210622,2.150303803605824,0.17812997375070427,0.1928854885136143,0.5089598749199399,-0.307385552973658,3.1999999999999997
0.15,0.25,0.4,0.6000000000000001,0.5,0.35,20,10.0,20,126,0.16997159209642732,-0.33782186011333715,0.08551612706809303,2.297306772270614,0.1858309056717402,0.19080266320543876,0.5471451987067109,-0.307385552973658,3.1999999999999997
0.15,0.25,0.4,0.6000000000000001,0.55,0.2,5,10.0,20,126,0.17884166947858238,-0.3328138514489666,0.09563820661634073,2.0650121984004297,0.17351951297269141,0.1900842205829187,0.4926475272874815,-0.2820364556753181,3.8999999999999995
0.15,0.25,0.4,0.6000000000000001,0.55,0.2,10,10.0,20,126,0.1740849468744856,-0.33715259022355093,0.08979679931859788,2.1101316114928874,0.17597196075941235,0.1895945330644171,0.5046163948458326,-0.2820364556753181,3.0999999999999996
0.15,0.25,0.4,0.6000000000000001,0.55,0.2,20,10.0,20,126,0.16328901406482932,-0.33745213382878636,0.07892598060763273,2.2275685147411495,0.18221508261753372,0.1877760738176833,0.5363466492757368,-0.2820364556753181,3.0999999999999996
0.15,0.25,0.4,0.6000000000000001,0.55,0.25,5,10.0,20,126,0.17893092686129242,-0.33281385144896714,0.09572746399905063,2.0868812632030496,0.17471203408369096,0.19137454722455904,0.49602216474492006,-0.2923571068929075,3.799999999999999
0.15,0.25,0.4,0.6000000000000001,0.55,0.25,10,10.0,20,126,0.1746669802513663,-0.3371525902235507,0.09037883269547861,2.125724647006823,0.17681242559642407,0.1908997380232633,0.5062866268799272,-0.2923571068929075,2.999999999999999
0.15,0.25,0.4,0.6000000000000001,0.55,0.25,20,10.0,20,126,0.16441831463451972,-0.3374521338287867,0.08005528117732305,2.2421464461630283,0.18297642454375818,0.1891062212330088,0.5373756052348122,-0.2923571068929075,2.999999999999999
0.15,0.25,0.4,0.6000000000000001,0.55,0.35,5,10.0,20,126,0.17910125666991483,-0.332813851448966,0.09589779380767333,2.127435185866356,0.17690440479022818,0.19477771331088786,0.5005151326344442,-0.3131539714580529,3.5999999999999996
0.15,0.25,0.4,0.6000000000000001,0.55,0.35,10,10.0,20,126,0.17582055892653092,-0.33715259022355115,0.09153241137064314,2.1534340638623624,0.17829713603890762,0.19434051230227606,0.5073833779891629,-0.3131539714580529,2.8
0.15,0.25,0.4,0.6000000000000001,0.55,0.35,20,10.0,20,126,0.1666653023780469,-0.3374521338287866,0.08230226892085024,2.2676186300615924,0.18429971114981192,0.19261153004361012,0.5370254838172159,-0.3131539714580529,2.8
0.15,0.25,0.4,0.6000000000000001,0.65,0.2,5,10.0,20,126,0.17789736561754355,-0.3333360866831704,0.09456334394675095,2.044557325146412,0.17239748838542512,0.19313855997854143,0.4829595364884367,-0.29409505588059437,3.099999999999999
0.15,0.25,0.4,0.6000000000000001,0.65,0.2,10,10.0,20,126,0.1723669138610735,-0.33657005998368206,0.08822439886515299,2.1079649483281697,0.1758548919342382,0.1927299637931407,0.499102785213291,-0.29409505588059437,2.4999999999999996
0.15,0.25,0.4,0.6000000000000001,0.65,0.2,20,10.0,20,126,0.16394984310464,-0.3367638122579263,0.07975889004015843,2.1786812020269104,0.17964020966279426,0.1915476196261193,0.5180552317583551,-0.29409505588059437,2.4999999999999996
0.15,0.25,0.4,0.6000000000000001,0.65,0.25,5,10.0,20,126,0.1779865297181964,-0.3333360866831705,0.09465250804740377,2.0662819785535986,0.1735889532596493,0.1944082416350691,0.4863972123023074,-0.30424208905388683,2.999999999999999
0.15,0.25,0.4,0.6000000000000001,0.65,0.25,10,10.0,20,126,0.1729480900167104,-0.33657005998368195,0.08880557502078992,2.123548173736171,0.17669532975705637,0.19401380365535548,0.5008383012489217,-0.30424208905388683,2.3999999999999995
0.15,0.25,0.4,0.6000000000000001,0.65,0.25,20,10.0,20,126,0.1650797759181042,-0.3367638122579262,0.08088882285362264,2.193039558906771,0.18039995856951885,0.1928514809408414,0.5192610693964067,-0.30424208905388683,2.3999999999999995
0.15,0.25,0.4,0.6000000000000001,0.65,0.35,5,10.0,20,126,0.17815667947478708,-0.3333360866831706,0.09482265780399443,2.1065683594266194,0.17577939456525882,0.19775847390537743,0.4911184216798923,-0.3246891356617788,2.7999999999999994
0.15,0.25,0.4,0.6000000000000001,0.65,0.35,10,10.0,20,126,0.1740999695405272,-0.33657005998368184,0.08995745454460674,2.151240390246059,0.17818000430996617,0.19739976916079205,0.5021520828838695,-0.3246891356617788,2.1999999999999997
0.15,0.25,0.4,0.6000000000000001,0.65,0.35,20,10.0,20,126,0.16732802145991155,-0.33676381225792573,0.08313706839543011,2.218128387920476,0.18172049202726726,0.19628937951348197,0.5194194180442439,-0.3246891356617788,2.1999999999999997
